#include "AnticheatBypass.hpp"
#include "core/backend/ScriptMgr.hpp"
#include "core/memory/ModuleMgr.hpp"
#include "core/util/Joaat.hpp"
#include "game/pointers/Pointers.hpp"
#include "game/backend/NativeHooks.hpp"
#include "game/gta/Natives.hpp"
#include "types/anticheat/CAnticheatContext.hpp"

using FnGetVersion = int (*)();
using FnLocalSaves = bool (*)();
using FnBattlEyeBypass = bool (*)();

#define RESTORE_DESTROYED_FUNCTIONS true
#define PATCH_GAME_VERSION "1158.16"

namespace YimMenu
{
	static void ApplyPatch(uintptr_t base, uintptr_t offset, std::span<std::uint8_t const> const values)
	{
		memcpy(reinterpret_cast<void*>(base + offset), values.data(), values.size());
	}

	static void PatchEncryptedFunctions(uintptr_t base)
	{
		ApplyPatch(base, 0x14F20B0, std::to_array<uint8_t>({0x41, 0x57, 0x41, 0x56, 0x41, 0x55, 0x41, 0x54, 0x56, 0x57, 0x55, 0x53, 0x48, 0x83, 0xEC, 0x38, 0x4C, 0x89, 0xC7, 0x49, 0x89, 0xCC, 0x48, 0x8B, 0x2, 0x48, 0x89, 0x54, 0x24, 0x30, 0x48, 0x89, 0xD1, 0xFF, 0x50, 0x68, 0x84, 0xC0, 0xF, 0x85, 0x19, 0x2, 0x0, 0x0, 0xF, 0xB7, 0x47, 0xA, 0xC1, 0xE0, 0x10, 0x3D, 0x0, 0x0, 0xFF, 0x0, 0xF, 0x85, 0x7, 0x2, 0x0, 0x0, 0xE8, 0x1D, 0xF3, 0xF1, 0xFF, 0x89, 0xC6, 0xE8, 0x76, 0xF3, 0xF1, 0xFF, 0x85, 0xF6, 0xF, 0x84, 0xF3, 0x1, 0x0, 0x0, 0x49, 0x89, 0xC7, 0x89, 0xF5, 0xB0, 0x1, 0x45, 0x31, 0xF6, 0xEB, 0x11}));
		ApplyPatch(base, 0x14F2110, std::to_array<uint8_t>({0x49, 0xFF, 0xC6, 0x49, 0x39, 0xEE, 0xF, 0x92, 0xC0, 0xF, 0x84, 0xD6, 0x1, 0x0, 0x0, 0x88, 0x44, 0x24, 0x2F, 0x4B, 0x8B, 0x4, 0xF7, 0xF, 0xB6, 0x40, 0x61, 0x48, 0xC1, 0xE0, 0x4, 0x4D, 0x8B, 0x6C, 0x4, 0x8, 0xEB, 0xE}));
		ApplyPatch(base, 0x14F2140, std::to_array<uint8_t>({0x4D, 0x8B, 0x6D, 0x10, 0x4D, 0x85, 0xED, 0x74, 0xC7, 0x49, 0x8B, 0x5D, 0x8, 0x48, 0x85, 0xDB, 0x74, 0xEE, 0x48, 0x8B, 0x3, 0x48, 0x89, 0xD9, 0xFF, 0x50, 0x68, 0x84, 0xC0, 0x74, 0xE1, 0x48, 0x8B, 0x3, 0x48, 0x89, 0xD9, 0x31, 0xD2, 0xFF, 0x90, 0x68, 0x2, 0x0, 0x0, 0x84, 0xC0, 0x74, 0xCF, 0x48, 0x8B, 0x3, 0x48, 0x89, 0xD9, 0xFF, 0x90, 0x0, 0x1, 0x0, 0x0, 0x48, 0x85, 0xC0, 0x74, 0xBE, 0x48, 0x89, 0xC6, 0x48, 0x8B, 0x0, 0x48, 0x89, 0xF1, 0x48, 0x89, 0xFA, 0xFF, 0x50, 0x20, 0x84, 0xC0, 0x74, 0xAB, 0xF, 0xB7, 0x46, 0xC, 0x66, 0x3B, 0x47, 0xC, 0x76, 0x33, 0xE8, 0x5C, 0x70, 0xB5, 0xFE, 0x48, 0x89, 0xC6, 0x48, 0x8B, 0x3, 0x48, 0x89, 0xD9, 0xFF, 0x90, 0x98, 0x0, 0x0, 0x0, 0x48, 0x8B, 0x2E, 0x48, 0x8D, 0x15, 0x11, 0xE8, 0x31, 0x1, 0x4C, 0x8D, 0x5, 0x3C, 0x9C, 0x33, 0x1, 0x48, 0x89, 0xF1, 0x49, 0x89, 0xC1, 0xFF, 0x55, 0x30, 0xE9, 0xE9, 0x0, 0x0, 0x0, 0x80, 0x7B, 0x4B, 0x0, 0xF, 0x85, 0x99, 0x0, 0x0, 0x0, 0x48, 0x8B, 0x3, 0x48, 0x89, 0xD9, 0x31, 0xD2, 0xFF, 0x90, 0x88, 0x1, 0x0, 0x0, 0x84, 0xC0, 0xF, 0x84, 0x83, 0x0, 0x0, 0x0, 0x48, 0x8B, 0x6, 0x48, 0x89, 0xF1, 0xFF, 0x50, 0x8, 0x48, 0x8B, 0x10, 0x48, 0x89, 0xC1, 0xFF, 0x52, 0x28, 0x48, 0x8B, 0x35, 0x45, 0xBE, 0x23, 0x3, 0x48, 0x8B, 0x3, 0x48, 0x89, 0xD9, 0xFF, 0x90, 0x98, 0x0, 0x0, 0x0, 0x48, 0x8B, 0x2E, 0x48, 0x8D, 0x15, 0x66, 0x9F, 0x2F, 0x1, 0x48, 0x89, 0xF1, 0x49, 0x89, 0xC0, 0xFF, 0x55, 0x30, 0x48, 0x8B, 0x35, 0x1F, 0xBE, 0x23, 0x3, 0x48, 0x8B, 0x4C, 0x24, 0x30, 0x48, 0x8B, 0x1, 0xFF, 0x90, 0x98, 0x0, 0x0, 0x0, 0x48, 0x8B, 0x2E, 0x48, 0x8D, 0x15, 0xE9, 0x2E, 0x2E, 0x1, 0x48, 0x89, 0xF1, 0x49, 0x89, 0xC0, 0xFF, 0x55, 0x30, 0xE8, 0x19, 0xF9, 0xF1, 0xFF, 0x48, 0x8B, 0x28, 0xC6, 0x44, 0x24, 0x20, 0x1, 0x48, 0x89, 0xC1, 0x48, 0x89, 0xDA, 0x41, 0xB8, 0xB, 0x0, 0x0, 0x0, 0x45, 0x31, 0xC9, 0xFF, 0x55, 0x30, 0xB0, 0x1, 0xEB, 0x76, 0xE8, 0x86, 0x6F, 0xB5, 0xFE, 0x48, 0x89, 0xC6, 0x48, 0x8B, 0x3, 0x48, 0x89, 0xD9, 0xFF, 0x90, 0x98, 0x0, 0x0, 0x0, 0x48, 0x8B, 0x2E, 0x48, 0x8D, 0x15, 0x3B, 0xE7, 0x31, 0x1, 0x4C, 0x8D, 0x5, 0x52, 0x9C, 0x33, 0x1, 0x48, 0x89, 0xF1, 0x49, 0x89, 0xC1, 0xFF, 0x55, 0x30, 0x48, 0x8B, 0x3, 0x48, 0x89, 0xD9, 0xFF, 0x90, 0xC0, 0x0, 0x0, 0x0, 0x48, 0x85, 0xC0, 0x74, 0x7, 0xC6, 0x83, 0xD0, 0x0, 0x0, 0x0, 0x3C, 0x48, 0x8B, 0x7, 0x48, 0x89, 0xF9, 0xFF, 0x50, 0x8, 0x48, 0x89, 0xC1, 0xE8, 0xE4, 0x29, 0xC6, 0xFE, 0x48, 0x85, 0xC0, 0x74, 0x18, 0x48, 0x89, 0xC1, 0xE8, 0x7, 0x6D, 0xF2, 0xFF, 0x84, 0xC0, 0x74, 0xC, 0x48, 0x8B, 0x4C, 0x24, 0x30, 0xB2, 0x1, 0xE8, 0x57, 0xF0, 0xE9, 0xFF, 0x31, 0xC0, 0xF, 0xB6, 0x4C, 0x24, 0x2F, 0xF6, 0xC1, 0x1, 0x75, 0x2, 0xB0, 0x1, 0x48, 0x83, 0xC4, 0x38, 0x5B, 0x5D, 0x5F, 0x5E, 0x41, 0x5C, 0x41, 0x5D, 0x41, 0x5E, 0x41, 0x5F, 0xC3}));
		ApplyPatch(base, 0x14FC600, std::to_array<uint8_t>({0x48, 0x8B, 0x5, 0xC1, 0x9, 0xF8, 0x0, 0x48, 0x8B, 0x80, 0xF0, 0x0, 0x0, 0x0, 0x8B, 0x80, 0xF8, 0x0, 0x0, 0x0, 0x83, 0xF8, 0x9, 0x77, 0x1D, 0x44, 0x8B, 0x8A, 0xF8, 0x0, 0x0, 0x0, 0x41, 0x83, 0xF9, 0x9, 0x77, 0x10, 0x41, 0x39, 0xC1, 0x75, 0xB, 0x80, 0x7A, 0x61, 0xFF, 0x74, 0x14, 0xE9, 0x2A, 0x85, 0xF2, 0xFF, 0x4D, 0x85, 0xC0, 0x74, 0x16, 0x41, 0xC7, 0x0, 0x5, 0x0, 0x0, 0x0, 0x31, 0xC0, 0xC3, 0x4D, 0x85, 0xC0, 0x74, 0x7, 0x41, 0xC7, 0x0, 0x6, 0x0, 0x0, 0x0, 0x31, 0xC0, 0xC3}));
		ApplyPatch(base, 0x14FC660, std::to_array<uint8_t>({0x41, 0x57, 0x41, 0x56, 0x41, 0x54, 0x56, 0x57, 0x53, 0x48, 0x83, 0xEC, 0x28, 0x4D, 0x89, 0xCE, 0x44, 0x89, 0xC3, 0x49, 0x89, 0xD7, 0x48, 0x89, 0xCF, 0x48, 0x8B, 0x1, 0xFF, 0x50, 0x68, 0x84, 0xC0, 0x75, 0x14, 0x48, 0x8B, 0x7, 0x48, 0x89, 0xF9, 0xFF, 0x90, 0x98, 0x1, 0x0, 0x0, 0x84, 0xC0, 0xF, 0x84, 0xD6, 0x0, 0x0, 0x0, 0x48, 0x89, 0xF9, 0x4C, 0x89, 0xFA, 0x41, 0x89, 0xD8, 0x4D, 0x89, 0xF1, 0xE8, 0xA8, 0x7C, 0xF2, 0xFF, 0x84, 0xC0, 0xF, 0x84, 0xCA, 0x0, 0x0, 0x0, 0x83, 0xFB, 0x1, 0x7F, 0x3C, 0x48, 0x8B, 0x7, 0x48, 0x89, 0xF9, 0xFF, 0x50, 0x48, 0x48, 0x85, 0xC0, 0x74, 0x2E, 0x48, 0x8B, 0x7, 0x48, 0x89, 0xF9, 0xFF, 0x50, 0x48, 0x48, 0x8B, 0xD, 0xF5, 0x8, 0xF8, 0x0, 0x8B, 0x89, 0x98, 0x8, 0x0, 0x0, 0x85, 0x48, 0x10, 0x74, 0x13, 0xB8, 0x24, 0x0, 0x0, 0x0, 0x4D, 0x85, 0xF6, 0xF, 0x85, 0x8B, 0x0, 0x0, 0x0, 0xE9, 0x89, 0x0, 0x0, 0x0, 0x48, 0x8B, 0x7, 0x48, 0x89, 0xF9, 0xFF, 0x90, 0x0, 0x1, 0x0, 0x0, 0x48, 0x85, 0xC0, 0x74, 0x47, 0x48, 0x8B, 0x7, 0x48, 0x89, 0xF9, 0xFF, 0x90, 0x10, 0x1, 0x0, 0x0, 0x48, 0x85, 0xC0, 0x74, 0x36, 0x49, 0x89, 0xC4, 0x48, 0x8B, 0x0, 0x4C, 0x89, 0xE1, 0xFF, 0x50, 0x38, 0x48, 0x85, 0xC0, 0x74, 0x25, 0x48, 0x89, 0xC6, 0x48, 0x8B, 0x0, 0x48, 0x89, 0xF1, 0xFF, 0x50, 0x30, 0x84, 0xC0, 0x74, 0x15, 0x48, 0x89, 0xF1, 0x4C, 0x89, 0xE2, 0x4D, 0x89, 0xF8, 0x41, 0x89, 0xD9, 0xE8, 0x5B, 0x13, 0xEF, 0xFF, 0x84, 0xC0, 0x74, 0x43, 0x40, 0xB6, 0x1, 0x85, 0xDB, 0x75, 0x2C, 0x48, 0x89, 0xF9, 0xBA, 0x0, 0x80, 0x0, 0x0, 0xE8, 0x3, 0x71, 0xF2, 0xFF, 0x84, 0xC0, 0x74, 0x1B, 0xB8, 0x2F, 0x0, 0x0, 0x0, 0x4D, 0x85, 0xF6, 0x75, 0xC, 0xEB, 0xD, 0xB8, 0x9, 0x0, 0x0, 0x0, 0x4D, 0x85, 0xF6, 0x74, 0x3, 0x41, 0x89, 0x6, 0x31, 0xF6, 0x89, 0xF0, 0x48, 0x83, 0xC4, 0x28, 0x5B, 0x5F, 0x5E, 0x41, 0x5C, 0x41, 0x5E, 0x41, 0x5F, 0xC3, 0xB8, 0xB, 0x0, 0x0, 0x0, 0x4D, 0x85, 0xF6, 0x75, 0xE1, 0xEB, 0xE2}));
	}

	static void PatchDestroyedFunctions(uintptr_t base)
	{
		ApplyPatch(base, 0x89C5, std::to_array<uint8_t>({0x8B, 0x44, 0x24, 0x50, 0x89, 0x44, 0x24, 0x30, 0x48, 0x89, 0x54, 0x24, 0x28, 0x66, 0x89, 0x4C, 0x24, 0x20, 0x66, 0x89, 0x4C, 0x24, 0x4E, 0x48, 0x89, 0xD9, 0x4C, 0x89, 0x64, 0x24, 0x60, 0x48, 0x89, 0x54, 0x24, 0x58, 0x48, 0x89, 0xEA, 0x45, 0x89, 0xC4, 0x44, 0x89, 0xCE, 0xE9, 0xA4, 0x44, 0x42, 0x1}));
		ApplyPatch(base, 0xD8B5, std::to_array<uint8_t>({0x80, 0xBE, 0x5C, 0xB4, 0x0, 0x0, 0x0, 0xF, 0x84, 0xEE, 0x9E, 0x47, 0x1, 0xE9, 0x62, 0x8B, 0x47, 0x5}));
		ApplyPatch(base, 0x2B3D5, std::to_array<uint8_t>({0xFF, 0x80, 0x68, 0x3, 0x0, 0x0, 0xE9, 0x27, 0x1E, 0x40, 0x1}));
		ApplyPatch(base, 0x4EA55, std::to_array<uint8_t>({0x48, 0x83, 0xEC, 0x28, 0x4C, 0x89, 0xC3, 0x48, 0x89, 0xD6, 0x48, 0x89, 0xCF, 0x41, 0xF, 0xB6, 0x48, 0x61, 0xB8, 0x1, 0x0, 0x0, 0x0, 0xD3, 0xE0, 0x48, 0x81, 0xF9, 0xFF, 0x0, 0x0, 0x0, 0xF, 0x84, 0x48, 0xE7, 0x3D, 0x1, 0xE9, 0xC2, 0xDD, 0x84, 0x1}));
		ApplyPatch(base, 0x53635, std::to_array<uint8_t>({0x49, 0x8B, 0x7, 0x4C, 0x89, 0xF9, 0xE9, 0x4, 0x99, 0x3D, 0x1}));
		ApplyPatch(base, 0x54AC5, std::to_array<uint8_t>({0x49, 0x8B, 0x7, 0x4C, 0x89, 0xF9, 0xE9, 0x0, 0x82, 0x3D, 0x1}));
		ApplyPatch(base, 0x149563, std::to_array<uint8_t>({0x39, 0xC7, 0xF, 0x84, 0x3, 0x39, 0x2E, 0x1, 0xE9, 0x10, 0x66, 0x66, 0x5}));
		ApplyPatch(base, 0x2690A5, std::to_array<uint8_t>({0x49, 0x8B, 0x7, 0x4C, 0x89, 0xF9, 0xE9, 0xA6, 0x3E, 0x1C, 0x1}));
		ApplyPatch(base, 0x28B089, std::to_array<uint8_t>({0x31, 0xDB, 0xE9, 0x0, 0x1F, 0x1A, 0x1}));
		ApplyPatch(base, 0x339505, std::to_array<uint8_t>({0x48, 0x8B, 0x6, 0x48, 0x89, 0xF1, 0xE9, 0xE0, 0x3D, 0xF, 0x1}));
		ApplyPatch(base, 0x34B8D9, std::to_array<uint8_t>({0x31, 0xED, 0xE9, 0x47, 0x15, 0xE, 0x1}));
		ApplyPatch(base, 0x5597F5, std::to_array<uint8_t>({0xFF, 0x83, 0x68, 0x3, 0x0, 0x0, 0xE9, 0x4D, 0x35, 0xED, 0x0}));
		ApplyPatch(base, 0x73FF28, std::to_array<uint8_t>({0x45, 0x31, 0xE4, 0xE9, 0xD, 0xD3, 0xCE, 0x0}));
		ApplyPatch(base, 0x750585, std::to_array<uint8_t>({0x49, 0x8B, 0x7, 0x4C, 0x89, 0xF9, 0xE9, 0xD0, 0xC6, 0xCD, 0x0}));
		ApplyPatch(base, 0x793164, std::to_array<uint8_t>({0x48, 0x8B, 0x8E, 0x38, 0xAA, 0x0, 0x0, 0xE9, 0x37, 0x46, 0xCF, 0x0}));
		ApplyPatch(base, 0xA0F365, std::to_array<uint8_t>({0x49, 0x8B, 0x7, 0x4C, 0x89, 0xF9, 0xE9, 0x67, 0xDC, 0xA1, 0x0}));
		ApplyPatch(base, 0xAC91E5, std::to_array<uint8_t>({0x49, 0x8B, 0x7, 0x4C, 0x89, 0xF9, 0xE9, 0xE1, 0x39, 0x96, 0x0}));
		ApplyPatch(base, 0xC1ADF3, std::to_array<uint8_t>({0x50, 0x48, 0x8D, 0x5, 0xB7, 0x1E, 0x81, 0x0, 0x48, 0x87, 0x4, 0x24, 0xC3}));
		ApplyPatch(base, 0xC605C8, std::to_array<uint8_t>({0x48, 0x8B, 0x1, 0xE9, 0x90, 0xC7, 0x7C, 0x0}));
		ApplyPatch(base, 0xCF78B2, std::to_array<uint8_t>({0x80, 0xF9, 0xFF, 0xF, 0x84, 0x4C, 0x59, 0x73, 0x0, 0xE9, 0x9C, 0x94, 0x56, 0x1}));
		ApplyPatch(base, 0xE8CF52, std::to_array<uint8_t>({0x48, 0x85, 0xC0, 0xF, 0x84, 0x92, 0x0, 0x5A, 0x0, 0xE9, 0x45, 0xC1, 0x3D, 0xFF}));
		ApplyPatch(base, 0xF2C661, std::to_array<uint8_t>({0x4D, 0x8B, 0xA6, 0x88, 0x7B, 0x0, 0x0, 0x48, 0x89, 0xF9, 0xE9, 0x87, 0x7, 0x50, 0x0}));
		ApplyPatch(base, 0x1119D16, std::to_array<uint8_t>({0x89, 0xC6, 0x48, 0x89, 0xF9, 0xE9, 0xE1, 0x30, 0x31, 0x0}));
		ApplyPatch(base, 0x11B3982, std::to_array<uint8_t>({0x48, 0x89, 0xC3, 0x49, 0x8B, 0x7, 0x4C, 0x89, 0xF9, 0xE9, 0xAC, 0x92, 0x27, 0x0}));
		ApplyPatch(base, 0x1215185, std::to_array<uint8_t>({0x49, 0x8B, 0x7, 0x4C, 0x89, 0xF9, 0xE9, 0xFF, 0x79, 0x21, 0x0}));
		ApplyPatch(base, 0x123ACB5, std::to_array<uint8_t>({0x41, 0xF, 0xB6, 0x7D, 0x61, 0xBA, 0xFE, 0xFF, 0xFF, 0xFF, 0x41, 0x55, 0x4C, 0x8D, 0x2D, 0x4D, 0xAC, 0x3B, 0x4, 0x4C, 0x87, 0x2C, 0x24, 0xC3}));
		ApplyPatch(base, 0x125B7D9, std::to_array<uint8_t>({0x41, 0x80, 0x7D, 0x61, 0xFF, 0xF, 0x84, 0xCE, 0x14, 0x1D, 0x0, 0xE9, 0xB, 0x1E, 0xF, 0x4}));
		ApplyPatch(base, 0x12890D4, std::to_array<uint8_t>({0x48, 0x8B, 0x8E, 0x38, 0xAA, 0x0, 0x0, 0xE9, 0x82, 0xE6, 0x1F, 0x0}));
		ApplyPatch(base, 0x128BE42, std::to_array<uint8_t>({0x80, 0xF9, 0xFF, 0xF, 0x84, 0xF3, 0x10, 0x1A, 0x0, 0xE9, 0xA2, 0x75, 0x22, 0x4}));
		ApplyPatch(base, 0x12C4033, std::to_array<uint8_t>({0x39, 0xC3, 0xF, 0x82, 0x55, 0x8F, 0x16, 0x0, 0xE9, 0x91, 0x8F, 0x16, 0x0}));
		ApplyPatch(base, 0x142CB30, std::to_array<uint8_t>({0xE9, 0x53, 0x36, 0x53, 0x4}));
		ApplyPatch(base, 0x142CB3E, std::to_array<uint8_t>({0xE9, 0xB, 0xDB, 0x7A, 0x0}));
		ApplyPatch(base, 0x142CB62, std::to_array<uint8_t>({0xFF, 0x90, 0x68, 0x1, 0x0, 0x0, 0x90, 0xE9, 0x95, 0xD8, 0xE2, 0x0}));
		ApplyPatch(base, 0x142CB8F, std::to_array<uint8_t>({0xFF, 0x90, 0x98, 0x0, 0x0, 0x0, 0x90, 0xE9, 0xDB, 0x75, 0x3C, 0x4}));
		ApplyPatch(base, 0x142CBB8, std::to_array<uint8_t>({0xFF, 0x50, 0x30, 0x90, 0xEB, 0x80, 0xE8, 0xCD, 0x3A, 0xCC, 0xFE, 0x90, 0xE9, 0xD6, 0x39, 0x38, 0x4}));
		ApplyPatch(base, 0x142CBD1, std::to_array<uint8_t>({0xFF, 0x90, 0xE0, 0x0, 0x0, 0x0, 0x89, 0xC6, 0xE8, 0xA2, 0xFC, 0xCF, 0xFE, 0x90, 0xE9, 0xB2, 0xA0, 0x3C, 0x4}));
		ApplyPatch(base, 0x142CC05, std::to_array<uint8_t>({0xE9, 0x41, 0xA4, 0x10, 0x4}));
		ApplyPatch(base, 0x142CC1E, std::to_array<uint8_t>({0xFF, 0x50, 0x50, 0x90, 0xE9, 0x3A, 0x55, 0x4C, 0x4}));
		ApplyPatch(base, 0x142CC30, std::to_array<uint8_t>({0xFF, 0x52, 0x60, 0x90, 0xE9, 0x49, 0x6D, 0xD8, 0xFF}));
		ApplyPatch(base, 0x142CC3C, std::to_array<uint8_t>({0xFF, 0x90, 0xE0, 0x0, 0x0, 0x0, 0x90, 0xE9, 0x5D, 0xDB, 0x43, 0x4}));
		ApplyPatch(base, 0x142CC53, std::to_array<uint8_t>({0xE8, 0x58, 0xEA, 0xFF, 0xFF, 0xEB, 0x70, 0xE9, 0x26, 0x39, 0x32, 0xFF}));
		ApplyPatch(base, 0x142CC60, std::to_array<uint8_t>({0xFF, 0x90, 0x98, 0x0, 0x0, 0x0, 0x90, 0xE9, 0x68, 0x57, 0x1D, 0x4}));
		ApplyPatch(base, 0x142CC74, std::to_array<uint8_t>({0xFF, 0x50, 0x48, 0x90, 0xE9, 0x5E, 0x8C, 0x2, 0x4}));
		ApplyPatch(base, 0x142CC91, std::to_array<uint8_t>({0xFF, 0x55, 0x30, 0x90, 0xE9, 0xCD, 0x18, 0x40, 0x4}));
		ApplyPatch(base, 0x142CCAF, std::to_array<uint8_t>({0xFF, 0x50, 0x30, 0x90, 0xE9, 0xF9, 0x4E, 0xEB, 0x3}));
		ApplyPatch(base, 0x142CCC4, std::to_array<uint8_t>({0xFF, 0x92, 0x58, 0x1, 0x0, 0x0, 0x90, 0xE9, 0xF5, 0x7D, 0xC2, 0xFE, 0xFF, 0x50, 0x60, 0x90, 0xE9, 0xA4, 0x2B, 0x1A, 0x4}));
		ApplyPatch(base, 0x142CD0F, std::to_array<uint8_t>({0xFF, 0x53, 0x8, 0x90, 0xE9, 0x9, 0xDB, 0x5F, 0x0}));
		ApplyPatch(base, 0x142CD1C, std::to_array<uint8_t>({0xE8, 0x6F, 0x39, 0xCC, 0xFE, 0x90, 0xE9, 0xAE, 0x8, 0xEC, 0x3}));
		ApplyPatch(base, 0x142CD4D, std::to_array<uint8_t>({0xE9, 0x37, 0xDA, 0x40, 0x4}));
		ApplyPatch(base, 0x142CD60, std::to_array<uint8_t>({0xFF, 0x50, 0x8, 0x90, 0xE9, 0xDC, 0xFD, 0x42, 0x4}));
		ApplyPatch(base, 0x142CD7F, std::to_array<uint8_t>({0xFF, 0x50, 0x30, 0x90, 0xE9, 0x15, 0x74, 0x39, 0x4, 0xE9, 0x89, 0xCF, 0xCE, 0xFF}));
		ApplyPatch(base, 0x142CDA7, std::to_array<uint8_t>({0xE9, 0x2D, 0xEB, 0xF1, 0xFE}));
		ApplyPatch(base, 0x142CDED, std::to_array<uint8_t>({0xE9, 0x6F, 0xF8, 0xAF, 0xFF}));
		ApplyPatch(base, 0x142CDF7, std::to_array<uint8_t>({0xE8, 0x94, 0x38, 0xCC, 0xFE, 0x90, 0xEB, 0x89}));
		ApplyPatch(base, 0x142CE01, std::to_array<uint8_t>({0xE8, 0x9A, 0xA0, 0x67, 0xFF, 0x90, 0xE9, 0xB6, 0x1E, 0x38, 0x4}));
		ApplyPatch(base, 0x142CE25, std::to_array<uint8_t>({0xEB, 0x80, 0xE9, 0x1D, 0x7B, 0xFC, 0x3}));
		ApplyPatch(base, 0x142CE69, std::to_array<uint8_t>({0xE9, 0x3B, 0xBD, 0x8C, 0x0, 0xE9, 0x52, 0xBB, 0xBD, 0xFE}));
		ApplyPatch(base, 0x142CE9B, std::to_array<uint8_t>({0xE8, 0xE0, 0xA3, 0xFF, 0xFF, 0x90, 0xE9, 0x15, 0x5A, 0x41, 0x4}));
		ApplyPatch(base, 0x142CEB9, std::to_array<uint8_t>({0xE9, 0x1, 0x5C, 0x12, 0x4}));
		ApplyPatch(base, 0x142CED0, std::to_array<uint8_t>({0xE8, 0x2B, 0x22, 0x0, 0x0, 0x90, 0xE9, 0x5B, 0xB3, 0xF3, 0x3}));
		ApplyPatch(base, 0x142CEFC, std::to_array<uint8_t>({0xE8, 0x7F, 0xA3, 0xFF, 0xFF, 0x90, 0xE9, 0xBB, 0x44, 0x40, 0x4}));
		ApplyPatch(base, 0x142CF0D, std::to_array<uint8_t>({0xE9, 0x78, 0xCE, 0x46, 0x4}));
		ApplyPatch(base, 0x142CF2E, std::to_array<uint8_t>({0xE9, 0xF, 0xEF, 0xE5, 0xFF}));
		ApplyPatch(base, 0x142CF3E, std::to_array<uint8_t>({0xE9, 0xF2, 0x66, 0xC2, 0xFE}));
		ApplyPatch(base, 0x142CF44, std::to_array<uint8_t>({0xFF, 0x50, 0x50, 0x90, 0xE9, 0x5, 0x0, 0xA6, 0xFF}));
		ApplyPatch(base, 0x142CF50, std::to_array<uint8_t>({0xE9, 0xDE, 0x70, 0xE9, 0xFF}));
		ApplyPatch(base, 0x142CF56, std::to_array<uint8_t>({0xFF, 0x50, 0x50, 0x90, 0xE9, 0x56, 0xDD, 0xE0, 0xFF}));
		ApplyPatch(base, 0x142CF87, std::to_array<uint8_t>({0xFF, 0x50, 0x20, 0x90, 0xEB, 0x80}));
		ApplyPatch(base, 0x142CF90, std::to_array<uint8_t>({0xE9, 0xE0, 0x34, 0xE5, 0x0}));
		ApplyPatch(base, 0x142CF9B, std::to_array<uint8_t>({0xE8, 0x20, 0xA7, 0xFE, 0xFF, 0x90, 0xE9, 0x5C, 0x4A, 0x2, 0x0}));
		ApplyPatch(base, 0x142CFA9, std::to_array<uint8_t>({0xFF, 0x50, 0x40, 0x90, 0xE9, 0x84, 0x55, 0x40, 0x4}));
		ApplyPatch(base, 0x142CFBD, std::to_array<uint8_t>({0xFF, 0x54, 0xC6, 0x70, 0x90, 0xE9, 0x7E, 0xAF, 0x92, 0x0}));
		ApplyPatch(base, 0x142CFCA, std::to_array<uint8_t>({0xFF, 0x50, 0x20, 0x90, 0xEB, 0x80}));
		ApplyPatch(base, 0x142CFD1, std::to_array<uint8_t>({0xE9, 0x8F, 0x23, 0x5E, 0xFF}));
		ApplyPatch(base, 0x142CFD7, std::to_array<uint8_t>({0xFF, 0x50, 0x60, 0x90, 0xE9, 0x38, 0xE7, 0x8, 0x0}));
		ApplyPatch(base, 0x142CFE8, std::to_array<uint8_t>({0xE8, 0x53, 0x0, 0x0, 0x0, 0x90, 0xE9, 0xAB, 0xD5, 0x37, 0x4, 0xE9, 0xFB, 0xDD, 0x7E, 0xFF}));
		ApplyPatch(base, 0x142CFFE, std::to_array<uint8_t>({0xFF, 0x90, 0x38, 0x2, 0x0, 0x0, 0x90, 0xEB, 0xEC}));
		ApplyPatch(base, 0x142D009, std::to_array<uint8_t>({0xE9, 0x66, 0x4A, 0x1A, 0x0}));
		ApplyPatch(base, 0x142D010, std::to_array<uint8_t>({0xE8, 0xA7, 0xD5, 0xFE, 0x0, 0x90, 0xE9, 0xCC, 0xF9, 0x52, 0x4, 0xE9, 0x76, 0x88, 0x46, 0x4}));
		ApplyPatch(base, 0x142D02F, std::to_array<uint8_t>({0xE8, 0xF0, 0xD5, 0xFE, 0x0, 0x90, 0xEB, 0xE4}));
		ApplyPatch(base, 0x142D190, std::to_array<uint8_t>({0xE9, 0xF9, 0x59, 0x2, 0x4, 0xE9, 0xCF, 0x3, 0x50, 0x0}));
		ApplyPatch(base, 0x142D1BE, std::to_array<uint8_t>({0xE9, 0x65, 0x2D, 0x31, 0xFF, 0xE9, 0x9, 0x36, 0x7B, 0x0}));
		ApplyPatch(base, 0x142D1C9, std::to_array<uint8_t>({0xEB, 0xCA, 0xE9, 0xE0, 0x72, 0xD, 0x4}));
		ApplyPatch(base, 0x142D1DE, std::to_array<uint8_t>({0xE9, 0xCF, 0xA6, 0x8C, 0xFF}));
		ApplyPatch(base, 0x142D1E4, std::to_array<uint8_t>({0xE9, 0x6D, 0xBF, 0x3C, 0x4}));
		ApplyPatch(base, 0x142D207, std::to_array<uint8_t>({0xE9, 0x5F, 0xD5, 0x2F, 0x4, 0xE9, 0x3E, 0xF4, 0x4C, 0x4}));
		ApplyPatch(base, 0x142D23A, std::to_array<uint8_t>({0xEB, 0x82}));
		ApplyPatch(base, 0x142D23D, std::to_array<uint8_t>({0xE9, 0xE7, 0x48, 0x41, 0x4}));
		ApplyPatch(base, 0x142D25C, std::to_array<uint8_t>({0xE8, 0x6F, 0xA3, 0xFF, 0xFF, 0x90, 0xEB, 0x80}));
		ApplyPatch(base, 0x142D272, std::to_array<uint8_t>({0xE8, 0x89, 0x1E, 0x0, 0x0, 0x90, 0xE9, 0x4C, 0x64, 0xF2, 0x3, 0xE9, 0x45, 0x15, 0x3C, 0x4}));
		ApplyPatch(base, 0x142D28E, std::to_array<uint8_t>({0xE8, 0x3D, 0xA3, 0xFF, 0xFF, 0x90, 0xE9, 0x24, 0x8E, 0x1D, 0x4}));
		ApplyPatch(base, 0x142D2D5, std::to_array<uint8_t>({0xE9, 0xBC, 0x96, 0xF3, 0x0}));
		ApplyPatch(base, 0x142D2F0, std::to_array<uint8_t>({0xFF, 0x90, 0x98, 0x0, 0x0, 0x0, 0x90, 0xEB, 0x84}));
		ApplyPatch(base, 0x1451A02, std::to_array<uint8_t>({0x48, 0x8B, 0x45, 0x0, 0x48, 0x89, 0xE9, 0x89, 0xDA, 0xE9, 0x99, 0xB5, 0xFD, 0xFF}));
		ApplyPatch(base, 0x1487620, std::to_array<uint8_t>({0xE9, 0x21, 0x4D, 0xC, 0x4}));
		ApplyPatch(base, 0x1487644, std::to_array<uint8_t>({0xE8, 0x57, 0xC4, 0x0, 0x0, 0x90, 0xE9, 0x66, 0x62, 0xB8, 0xFE}));
		ApplyPatch(base, 0x1487664, std::to_array<uint8_t>({0xE8, 0xB7, 0xEE, 0xFF, 0xFF, 0x90, 0xE9, 0xF1, 0x75, 0xDE, 0x3}));
		ApplyPatch(base, 0x1487675, std::to_array<uint8_t>({0xE9, 0xE6, 0xC7, 0xE6, 0x3}));
		ApplyPatch(base, 0x1487682, std::to_array<uint8_t>({0xE8, 0xF9, 0x51, 0xCA, 0xFE, 0x90, 0xE9, 0xA2, 0xC8, 0xEE, 0x3}));
		ApplyPatch(base, 0x14876B4, std::to_array<uint8_t>({0xE8, 0x67, 0xEE, 0xFF, 0xFF, 0x90, 0xE9, 0x5E, 0x74, 0x7, 0x4}));
		ApplyPatch(base, 0x14876D5, std::to_array<uint8_t>({0xE9, 0xEE, 0x5D, 0xEC, 0x3}));
		ApplyPatch(base, 0x148770C, std::to_array<uint8_t>({0xE8, 0x9F, 0x30, 0x27, 0xFF, 0x90, 0xE9, 0x5, 0x7F, 0x4A, 0x4}));
		ApplyPatch(base, 0x148772F, std::to_array<uint8_t>({0xE9, 0xCC, 0x89, 0x23, 0x4}));
		ApplyPatch(base, 0x1487738, std::to_array<uint8_t>({0xE9, 0x7, 0xCD, 0x33, 0x4}));
		ApplyPatch(base, 0x1487749, std::to_array<uint8_t>({0xE8, 0xD2, 0x94, 0x0, 0x0, 0xEB, 0x60, 0xE9, 0x8C, 0x74, 0xEB, 0x3}));
		ApplyPatch(base, 0x148775B, std::to_array<uint8_t>({0xE9, 0x74, 0x19, 0xE0, 0xFF}));
		ApplyPatch(base, 0x1487762, std::to_array<uint8_t>({0xE8, 0x79, 0xF9, 0x7F, 0x0, 0x90, 0xE9, 0x6F, 0xE1, 0xE3, 0x3}));
		ApplyPatch(base, 0x148778E, std::to_array<uint8_t>({0xE8, 0xED, 0x50, 0xCA, 0xFE, 0x90, 0xE9, 0xF8, 0xB6, 0xE3, 0x3}));
		ApplyPatch(base, 0x14877A7, std::to_array<uint8_t>({0xE8, 0x44, 0xAB, 0x7F, 0x0, 0x90, 0xEB, 0x80}));
		ApplyPatch(base, 0x14877B0, std::to_array<uint8_t>({0xE9, 0xF1, 0x65, 0xDD, 0x0}));
		ApplyPatch(base, 0x14877B8, std::to_array<uint8_t>({0xE9, 0x1D, 0xA8, 0x17, 0x4}));
		ApplyPatch(base, 0x14877C6, std::to_array<uint8_t>({0xE9, 0xA4, 0x7E, 0xDF, 0x0}));
		ApplyPatch(base, 0x14877D2, std::to_array<uint8_t>({0xE9, 0xF1, 0x65, 0x1D, 0x4}));
		ApplyPatch(base, 0x14BB718, std::to_array<uint8_t>({0x45, 0xF, 0xB6, 0x45, 0x61, 0x48, 0x89, 0xC1, 0x4C, 0x89, 0xFA, 0x45, 0x31, 0xC9, 0xE9, 0xBD, 0x18, 0xF7, 0xFF}));
		ApplyPatch(base, 0x15D1A74, std::to_array<uint8_t>({0x48, 0x8D, 0xD, 0x7D, 0x4F, 0x19, 0x3, 0xE9, 0x90, 0xB5, 0xE5, 0xFF}));
		ApplyPatch(base, 0x189C842, std::to_array<uint8_t>({0x23, 0x46, 0x74, 0xF, 0x85, 0x7E, 0x9, 0xB9, 0xFF, 0xE9, 0x73, 0x9, 0xB9, 0xFF}));
		ApplyPatch(base, 0x192D569, std::to_array<uint8_t>({0x31, 0xFF, 0xE9, 0x5B, 0xFC, 0xAF, 0xFF}));
		ApplyPatch(base, 0x1A2A821, std::to_array<uint8_t>({0x49, 0x8B, 0x9E, 0x90, 0x7B, 0x0, 0x0, 0x48, 0x89, 0xF9, 0xE9, 0xEC, 0x24, 0xA0, 0xFF}));
		ApplyPatch(base, 0x1BDA64E, std::to_array<uint8_t>({0x48, 0x89, 0xF9, 0xE9, 0x68, 0x25, 0x85, 0xFF}));
		ApplyPatch(base, 0x1BE07D1, std::to_array<uint8_t>({0x80, 0x7E, 0x4A, 0xFF, 0xF, 0x84, 0x3, 0xCA, 0x84, 0xFF, 0xE9, 0xE9, 0xC9, 0x84, 0xFF}));
		ApplyPatch(base, 0x1CF8BA9, std::to_array<uint8_t>({0x89, 0x43, 0x8, 0x89, 0xC7, 0xE9, 0xBB, 0x42, 0x73, 0xFF}));
		ApplyPatch(base, 0x1D521E6, std::to_array<uint8_t>({0x48, 0x8B, 0xD, 0xDB, 0x47, 0xA1, 0x2, 0x4C, 0x8B, 0xA4, 0xC1, 0x88, 0x1, 0x0, 0x0, 0x41, 0x57, 0x4C, 0x8D, 0x3D, 0x3F, 0xB0, 0x6D, 0xFF, 0x4C, 0x87, 0x3C, 0x24, 0xC3}));
		ApplyPatch(base, 0x1D57F45, std::to_array<uint8_t>({0xFF, 0xC3, 0x48, 0x8B, 0x45, 0x0, 0x48, 0x89, 0xE9, 0xE9, 0x77, 0x50, 0x6D, 0xFF}));
		ApplyPatch(base, 0x1DDBB98, std::to_array<uint8_t>({0x48, 0x89, 0xF1, 0xE9, 0xA4, 0xBA, 0x6A, 0xFF}));
		ApplyPatch(base, 0x225A403, std::to_array<uint8_t>({0x84, 0xC0, 0xF, 0x84, 0x4F, 0x28, 0x1D, 0xFF, 0xE9, 0xC9, 0x13, 0x0, 0xFF}));
		ApplyPatch(base, 0x225DDA6, std::to_array<uint8_t>({0x48, 0x83, 0xC4, 0x30, 0x5B, 0x5F, 0x5E, 0x48, 0x8D, 0x64, 0x24, 0x8, 0xFF, 0x64, 0x24, 0xF8}));
		ApplyPatch(base, 0x2260D5C, std::to_array<uint8_t>({0x48, 0x8B, 0x87, 0x90, 0x7B, 0x0, 0x0, 0x48, 0x8D, 0xC, 0x49, 0x8B, 0x94, 0x88, 0x10, 0x1, 0x0, 0x0, 0x83, 0xC2, 0x12, 0x3B, 0x94, 0x88, 0x14, 0x1, 0x0, 0x0, 0xF, 0x86, 0x8E, 0xC4, 0x1C, 0xFF, 0xE9, 0x52, 0xA6, 0xDC, 0xFD}));
		ApplyPatch(base, 0x227F66F, std::to_array<uint8_t>({0x48, 0x83, 0xC4, 0x30, 0x5B, 0x5F, 0x5E, 0x41, 0x51, 0x4C, 0x8D, 0xD, 0xA1, 0x6E, 0x20, 0xFF, 0x4C, 0x87, 0xC, 0x24, 0xC3}));
		ApplyPatch(base, 0x2280475, std::to_array<uint8_t>({0x48, 0x89, 0xE9, 0x89, 0xDA, 0x41, 0x89, 0xF8, 0x41, 0xB1, 0x1, 0xE9, 0x16, 0xCB, 0x1A, 0xFF}));
		ApplyPatch(base, 0x2366996, std::to_array<uint8_t>({0x48, 0x8B, 0x87, 0x88, 0x7B, 0x0, 0x0, 0x40, 0xB7, 0x1, 0x48, 0x83, 0x78, 0x8, 0x0, 0xF, 0x84, 0x20, 0x68, 0xC, 0xFF, 0xE9, 0x55, 0x2B, 0xFD, 0xFD}));
		ApplyPatch(base, 0x526EC60, std::to_array<uint8_t>({0xC6, 0x86, 0x5C, 0xB4, 0x0, 0x0, 0x0, 0x41, 0x50, 0x4C, 0x8D, 0x5, 0x40, 0x8B, 0x21, 0xFC, 0x4C, 0x87, 0x4, 0x24, 0xC3}));
		ApplyPatch(base, 0x5284839, std::to_array<uint8_t>({0x8B, 0x8E, 0x28, 0xE6, 0x2, 0x0, 0x48, 0x83, 0xF9, 0xE, 0xF, 0x87, 0xEF, 0x2E, 0x20, 0xFC, 0xE9, 0xE6, 0x44, 0x66, 0x0}));
		ApplyPatch(base, 0x52C2E91, std::to_array<uint8_t>({0x83, 0xC8, 0x1, 0x2B, 0x86, 0x54, 0xB4, 0x0, 0x0, 0x39, 0xD8, 0xF, 0x86, 0xE, 0x49, 0x1C, 0xFC, 0xE9, 0xBD, 0x2, 0x4D, 0xFB}));
		ApplyPatch(base, 0x52C58DC, std::to_array<uint8_t>({0x8B, 0x8E, 0x4C, 0xB4, 0x0, 0x0, 0xF3, 0x48, 0xF, 0x2A, 0xC1, 0xF3, 0xF, 0x59, 0x86, 0x50, 0xB4, 0x0, 0x0, 0xF3, 0x48, 0xF, 0x2C, 0xD8, 0x84, 0xC0, 0xF, 0x44, 0xD9, 0x85, 0xDB, 0xF, 0x94, 0xC0, 0x40, 0x8, 0xC7, 0xF, 0x85, 0xA9, 0x1E, 0x1C, 0xFC, 0xE9, 0x82, 0x1E, 0x1C, 0xFC}));
		ApplyPatch(base, 0x52E1BB1, std::to_array<uint8_t>({0x48, 0x83, 0xC4, 0x68, 0x5B, 0x5D, 0x5F, 0x5E, 0x41, 0x5C, 0x41, 0x5D, 0x41, 0x5E, 0x41, 0x5F, 0x48, 0x8D, 0x64, 0x24, 0x8, 0xFF, 0x64, 0x24, 0xF8}));
		ApplyPatch(base, 0x52ED5D5, std::to_array<uint8_t>({0x41, 0xF, 0xB6, 0x4D, 0x61, 0x48, 0x81, 0xF9, 0xFF, 0x0, 0x0, 0x0, 0xF, 0x84, 0x66, 0xF7, 0x13, 0xFC, 0xE9, 0x64, 0xCD, 0x76, 0x0}));
		ApplyPatch(base, 0x52F3E60, std::to_array<uint8_t>({0x80, 0xBE, 0x5C, 0xB4, 0x0, 0x0, 0x0, 0xF, 0x84, 0xE3, 0x38, 0x19, 0xFC, 0xE9, 0x10, 0x38, 0x19, 0xFC}));
		ApplyPatch(base, 0x533EBE1, std::to_array<uint8_t>({0x31, 0xFF, 0x83, 0xBE, 0x4C, 0xB4, 0x0, 0x0, 0x0, 0xF, 0x84, 0xC0, 0x8B, 0x14, 0xFC, 0xE9, 0x66, 0x8B, 0x14, 0xFC}));
		ApplyPatch(base, 0x534D4C8, std::to_array<uint8_t>({0xF, 0xB6, 0x86, 0xFC, 0xAC, 0x0, 0x0, 0x89, 0xC1, 0x80, 0xF1, 0x1, 0x88, 0x8E, 0x8C, 0xE8, 0x1, 0x0, 0x84, 0xC0, 0xF, 0x84, 0xD6, 0xA2, 0x13, 0xFC, 0xE9, 0x48, 0x9E, 0x71, 0x0}));
		ApplyPatch(base, 0x534D5F4, std::to_array<uint8_t>({0x49, 0x8B, 0x86, 0x88, 0x7B, 0x0, 0x0, 0x48, 0x83, 0x78, 0x8, 0x0, 0xF, 0x84, 0xB5, 0xF5, 0xD, 0xFC, 0xE9, 0x7A, 0x7B, 0xEC, 0xFB}));
		ApplyPatch(base, 0x53536C9, std::to_array<uint8_t>({0xF, 0xB6, 0x43, 0x60, 0x48, 0x69, 0xC8, 0xF0, 0xE, 0x0, 0x0, 0x4C, 0x1, 0xE9, 0x4C, 0x89, 0xE2, 0x45, 0x89, 0xF8, 0x45, 0x89, 0xF1, 0xE9, 0xA9, 0x9B, 0xD, 0xFC}));
		ApplyPatch(base, 0x5368236, std::to_array<uint8_t>({0x89, 0x7B, 0x8, 0x8B, 0x44, 0x24, 0x50, 0x89, 0x44, 0x24, 0x30, 0x4C, 0x89, 0x64, 0x24, 0x28, 0x66, 0x89, 0x74, 0x24, 0x20, 0x48, 0x89, 0xD9, 0x48, 0x89, 0xEA, 0x44, 0xF, 0xB7, 0x44, 0x24, 0x4A, 0x44, 0xF, 0xB7, 0x4C, 0x24, 0x4C, 0xE9, 0x9A, 0x4C, 0xC, 0xFC}));
		ApplyPatch(base, 0x5373F2F, std::to_array<uint8_t>({0x8B, 0x8E, 0x64, 0xB4, 0x0, 0x0, 0x85, 0xC9, 0xF, 0x84, 0x13, 0x38, 0x11, 0xFC, 0xE9, 0xBD, 0x8A, 0x21, 0x0}));
		ApplyPatch(base, 0x5395573, std::to_array<uint8_t>({0xD3, 0xC0, 0x21, 0x46, 0x74, 0xF, 0xB6, 0x4B, 0x61, 0x81, 0xF9, 0xFF, 0x0, 0x0, 0x0, 0xF, 0x84, 0x4D, 0x7D, 0x9, 0xFC, 0xE9, 0xE8, 0x45, 0x3A, 0x0}));
		ApplyPatch(base, 0x53E161D, std::to_array<uint8_t>({0x48, 0x89, 0xC8, 0x48, 0xD1, 0xE8, 0xF6, 0xC1, 0x1, 0xB9, 0xF, 0x0, 0x0, 0x0, 0xBA, 0xF0, 0x0, 0x0, 0x0, 0xF, 0x44, 0xD1, 0x41, 0x20, 0x94, 0x7, 0x8C, 0x0, 0x0, 0x0, 0x41, 0xF, 0xB6, 0x4D, 0x61, 0xE9, 0xE9, 0xB8, 0x4, 0xFC}));
		ApplyPatch(base, 0x53F4949, std::to_array<uint8_t>({0x41, 0xF, 0xB7, 0x4F, 0x4E, 0x45, 0xF, 0xB7, 0x47, 0x8, 0x45, 0xF, 0xB7, 0x4F, 0xA, 0x41, 0xF, 0xB6, 0x45, 0x60, 0x48, 0x69, 0xC0, 0xF0, 0xE, 0x0, 0x0, 0x49, 0x8D, 0x1C, 0x4, 0x48, 0x81, 0xC3, 0x50, 0xC1, 0x0, 0x0, 0x41, 0x8B, 0xBC, 0x4, 0x58, 0xC1, 0x0, 0x0, 0x8B, 0x5, 0x73, 0x20, 0x37, 0xFF, 0x41, 0x52, 0x4C, 0x8D, 0x15, 0x19, 0x9D, 0x48, 0x0, 0x4C, 0x87, 0x14, 0x24, 0xC3}));
		ApplyPatch(base, 0x5452B8E, std::to_array<uint8_t>({0x41, 0x57, 0x41, 0x56, 0x41, 0x55, 0x41, 0x54, 0x56, 0x57, 0x55, 0x53, 0x41, 0x56, 0x4C, 0x8D, 0x35, 0xB2, 0xBE, 0xBF, 0xFA, 0x4C, 0x87, 0x34, 0x24, 0xC3}));
		ApplyPatch(base, 0x54557E8, std::to_array<uint8_t>({0x48, 0x8B, 0xD, 0xD9, 0x11, 0x31, 0xFF, 0x48, 0x8B, 0xAC, 0xC1, 0x88, 0x1, 0x0, 0x0, 0x41, 0x54, 0x4C, 0x8D, 0x25, 0x27, 0x76, 0xFD, 0xFB, 0x4C, 0x87, 0x24, 0x24, 0xC3}));
		ApplyPatch(base, 0x54558DB, std::to_array<uint8_t>({0x48, 0x8B, 0x2E, 0x48, 0x8D, 0x15, 0xC4, 0xA6, 0x38, 0xFD, 0x48, 0x8D, 0x3D, 0x1B, 0x8B, 0x38, 0xFD, 0x48, 0x89, 0xF1, 0x49, 0x89, 0xF8, 0x49, 0x89, 0xC1, 0xE9, 0x97, 0x73, 0xFD, 0xFB}));
		ApplyPatch(base, 0x5486429, std::to_array<uint8_t>({0x48, 0x89, 0xF1, 0xBA, 0x6, 0x0, 0x0, 0x0, 0x41, 0xB8, 0x0, 0x30, 0x50, 0x10, 0xE9, 0x28, 0x12, 0x0, 0xFC}));
		ApplyPatch(base, 0x54B1D9F, std::to_array<uint8_t>({0x41, 0xF, 0xB6, 0x45, 0x61, 0x83, 0xF8, 0x1F, 0xF, 0x87, 0x5, 0xAF, 0xF7, 0xFB, 0xE9, 0x4F, 0xF3, 0x56, 0x0}));
		ApplyPatch(base, 0x54B33F2, std::to_array<uint8_t>({0xB8, 0x1, 0x0, 0x0, 0x0, 0xD3, 0xE0, 0x41, 0x9, 0x47, 0x74, 0xE9, 0x3C, 0x9B, 0xF7, 0xFB}));
		ApplyPatch(base, 0x54FEB1D, std::to_array<uint8_t>({0xC6, 0x86, 0x5C, 0xB4, 0x0, 0x0, 0x0, 0x40, 0xB7, 0x1, 0x83, 0xBE, 0x4C, 0xB4, 0x0, 0x0, 0x0, 0xF, 0x85, 0x27, 0x8C, 0xF8, 0xFB, 0xE9, 0x5B, 0x83, 0x3D, 0x0}));
		ApplyPatch(base, 0x55044B0, std::to_array<uint8_t>({0x89, 0xF8, 0x48, 0x83, 0xC4, 0x28, 0x5B, 0x5D, 0x5F, 0x5E, 0x41, 0x5C, 0x41, 0x5D, 0x41, 0x5E, 0x41, 0x5F, 0x48, 0x8D, 0x64, 0x24, 0x8, 0xFF, 0x64, 0x24, 0xF8}));
		ApplyPatch(base, 0x553704B, std::to_array<uint8_t>({0x8B, 0x2D, 0xA3, 0xF9, 0x22, 0xFF, 0x89, 0xE8, 0xF7, 0xD8, 0x39, 0xEB, 0xF7, 0xD5, 0xF, 0x43, 0xE8, 0x1, 0xDD, 0x49, 0x8B, 0x7, 0x4C, 0x89, 0xF9, 0xE9, 0xB5, 0x5B, 0xEF, 0xFB}));
		ApplyPatch(base, 0x554C346, std::to_array<uint8_t>({0x56, 0x57, 0x53, 0x48, 0x83, 0xEC, 0x30, 0x48, 0x89, 0xCE, 0x48, 0x8B, 0x81, 0x48, 0xAA, 0x0, 0x0, 0x8B, 0x0, 0x83, 0xF8, 0x1, 0xF, 0x84, 0x13, 0xB3, 0xF3, 0xFB, 0xE9, 0x80, 0xAA, 0x2A, 0x0}));
		ApplyPatch(base, 0x5552ABF, std::to_array<uint8_t>({0x66, 0x44, 0x89, 0x44, 0x24, 0x4A, 0x66, 0x44, 0x89, 0x4C, 0x24, 0x4C, 0x89, 0xCE, 0x4C, 0x89, 0xE1, 0x49, 0x89, 0xD4, 0x4C, 0x89, 0xEA, 0xE9, 0xF5, 0xA3, 0xED, 0xFB}));
		ApplyPatch(base, 0x558C9FF, std::to_array<uint8_t>({0x83, 0xC8, 0x1, 0x2B, 0x86, 0x60, 0xB4, 0x0, 0x0, 0x39, 0xC8, 0xF, 0x86, 0x40, 0xAD, 0xEF, 0xFB, 0xE9, 0x3F, 0x56, 0x38, 0x0}));
		ApplyPatch(base, 0x55CF87D, std::to_array<uint8_t>({0x41, 0xF, 0xB6, 0x4D, 0x61, 0x49, 0x8B, 0x96, 0x88, 0x7B, 0x0, 0x0, 0x48, 0x8B, 0x52, 0x8, 0x48, 0x8B, 0x18, 0x88, 0x4C, 0x24, 0x38, 0x48, 0x89, 0x54, 0x24, 0x30, 0x89, 0x6C, 0x24, 0x28, 0x48, 0x89, 0x7C, 0x24, 0x20, 0x48, 0xC7, 0x44, 0x24, 0x40, 0x0, 0x0, 0x0, 0x0, 0x48, 0x89, 0xC1, 0xBA, 0x1, 0x0, 0x0, 0x0, 0x41, 0x89, 0xF0, 0x4D, 0x89, 0xF9, 0xE9, 0x51, 0xD4, 0xE5, 0xFB}));
		ApplyPatch(base, 0x55F5915, std::to_array<uint8_t>({0x89, 0xF9, 0xD3, 0xC2, 0x48, 0x89, 0xC5, 0xF3, 0xF, 0x7E, 0x40, 0x8, 0x66, 0xF, 0x6E, 0xCA, 0x66, 0xF, 0x70, 0xC9, 0x50, 0x66, 0xF, 0xDB, 0xC8, 0x66, 0xF, 0xD6, 0x48, 0x8, 0x48, 0x8B, 0x0, 0x48, 0x89, 0xE9, 0xE9, 0x49, 0x76, 0xE3, 0xFB}));
		ApplyPatch(base, 0x55FCF9F, std::to_array<uint8_t>({0xB8, 0xFE, 0xFF, 0xFF, 0xFF, 0xD3, 0xC0, 0x21, 0x46, 0x70, 0xB8, 0xFE, 0xFF, 0xFF, 0xFF, 0xF, 0xB6, 0x4B, 0x61, 0x81, 0xF9, 0xFF, 0x0, 0x0, 0x0, 0xF, 0x84, 0x17, 0x3, 0xE3, 0xFB, 0xE9, 0xB0, 0x85, 0xD9, 0xFF}));
		ApplyPatch(base, 0x5601FDA, std::to_array<uint8_t>({0x48, 0x89, 0xF1, 0xBA, 0x6, 0x0, 0x0, 0x0, 0x41, 0xB8, 0x0, 0x0, 0x30, 0x10, 0xE9, 0xD9, 0x57, 0xE8, 0xFB}));
		ApplyPatch(base, 0x56023D4, std::to_array<uint8_t>({0x49, 0x8B, 0xB6, 0x10, 0x27, 0x0, 0x0, 0x49, 0x8B, 0x45, 0x0, 0x4C, 0x89, 0xE9, 0xE9, 0x8D, 0xA8, 0xE2, 0xFB}));
		ApplyPatch(base, 0x56060BD, std::to_array<uint8_t>({0xF, 0xB6, 0x4B, 0x61, 0x81, 0xF9, 0xFF, 0x0, 0x0, 0x0, 0xF, 0x84, 0x8, 0x72, 0xE2, 0xFB, 0xE9, 0xCD, 0x6E, 0xFF, 0xFF}));
		ApplyPatch(base, 0x565DDC8, std::to_array<uint8_t>({0x31, 0xC0, 0x80, 0xBE, 0xFC, 0xAC, 0x0, 0x0, 0x0, 0xF, 0x94, 0xC0, 0xB9, 0x0, 0x0, 0x50, 0x10, 0x41, 0xB8, 0x0, 0x50, 0x10, 0x10, 0x44, 0xF, 0x44, 0xC1, 0x8D, 0x14, 0xC5, 0x4, 0x0, 0x0, 0x0, 0x48, 0x89, 0xF1, 0x41, 0x50, 0x4C, 0x8D, 0x5, 0xD0, 0x99, 0xE2, 0xFB, 0x4C, 0x87, 0x4, 0x24, 0xC3}));
		ApplyPatch(base, 0x56C0100, std::to_array<uint8_t>({0x84, 0xC0, 0xF, 0x84, 0xCA, 0x76, 0xDC, 0xFB, 0xE9, 0xA3, 0x76, 0xDC, 0xFB}));
		ApplyPatch(base, 0x572A76B, std::to_array<uint8_t>({0x45, 0x84, 0xC9, 0xF, 0x84, 0x55, 0x2A, 0xD0, 0xFB, 0xE9, 0x93, 0x2A, 0xD0, 0xFB}));
		ApplyPatch(base, 0x5739B75, std::to_array<uint8_t>({0xB8, 0x1, 0x0, 0x0, 0x0, 0xD3, 0xE0, 0x9, 0x46, 0x78, 0xE9, 0x51, 0x37, 0xCF, 0xFB}));
		ApplyPatch(base, 0x57AA59E, std::to_array<uint8_t>({0x49, 0x8B, 0x86, 0x88, 0x7B, 0x0, 0x0, 0x48, 0x8B, 0x50, 0x8, 0x49, 0x8B, 0x7, 0x4C, 0x89, 0xF9, 0xE9, 0x4A, 0x2A, 0xC8, 0xFB}));
		ApplyPatch(base, 0x57AECC2, std::to_array<uint8_t>({0x48, 0x89, 0xC2, 0x41, 0xF, 0xB6, 0x47, 0x49, 0x48, 0x83, 0xF8, 0x1F, 0xF, 0x87, 0x51, 0xE1, 0xC7, 0xFB, 0xE9, 0xF, 0x6B, 0xCA, 0xFF}));
		ApplyPatch(base, 0x57AFB80, std::to_array<uint8_t>({0x50, 0x48, 0x8D, 0x5, 0x31, 0xD3, 0xC7, 0xFB, 0x48, 0x87, 0x4, 0x24, 0xC3}));
		ApplyPatch(base, 0x57B059F, std::to_array<uint8_t>({0x85, 0xC0, 0xF, 0x85, 0x6B, 0xC7, 0xC7, 0xFB, 0xE9, 0x39, 0x8C, 0x31, 0xFB}));
		ApplyPatch(base, 0x57C419D, std::to_array<uint8_t>({0x66, 0x41, 0x83, 0x7F, 0xA, 0x0, 0xF, 0x84, 0x9, 0x8B, 0xC6, 0xFB, 0xE9, 0xF1, 0xDB, 0xCE, 0xFF}));
		ApplyPatch(base, 0x57C4444, std::to_array<uint8_t>({0x8B, 0x96, 0x5C, 0xB5, 0x2, 0x0, 0xFF, 0xC2, 0x89, 0x96, 0x5C, 0xB5, 0x2, 0x0, 0x48, 0x89, 0xF1, 0xE9, 0xEF, 0x32, 0xCC, 0xFB}));
		ApplyPatch(base, 0x57EE7C7, std::to_array<uint8_t>({0x41, 0x50, 0x4C, 0x8D, 0x5, 0xFB, 0xE9, 0xC3, 0xFB, 0x4C, 0x87, 0x4, 0x24, 0xC3}));
		ApplyPatch(base, 0x57F4176, std::to_array<uint8_t>({0x49, 0x8B, 0x86, 0x88, 0x7B, 0x0, 0x0, 0x48, 0x8B, 0x48, 0x8, 0x44, 0x8B, 0xD, 0x68, 0x28, 0xF7, 0xFE, 0x48, 0x8B, 0x1, 0x48, 0x8D, 0x15, 0xC9, 0xEB, 0xFE, 0xFC, 0x4C, 0x8D, 0x5, 0x6C, 0x7B, 0x0, 0xFD, 0xE9, 0x1A, 0x8A, 0xC3, 0xFB}));
		ApplyPatch(base, 0x57F6C96, std::to_array<uint8_t>({0x89, 0xC3, 0x8B, 0x5, 0x5A, 0xFD, 0xF6, 0xFE, 0x8B, 0xD, 0x74, 0x8, 0x6A, 0xFD, 0x65, 0x48, 0x8B, 0x14, 0x25, 0x58, 0x0, 0x0, 0x0, 0x48, 0x8B, 0xC, 0xCA, 0x3B, 0x81, 0x34, 0x6, 0x0, 0x0, 0xF, 0x8F, 0x4C, 0x63, 0xC3, 0xFB, 0xE9, 0x43, 0x5F, 0xC3, 0xFB}));
		ApplyPatch(base, 0x57F6DE7, std::to_array<uint8_t>({0x83, 0xF8, 0x3, 0xF, 0x85, 0xE5, 0x8, 0xC9, 0xFB, 0xE9, 0xA3, 0x4D, 0x5E, 0xFC}));
		ApplyPatch(base, 0x57F9156, std::to_array<uint8_t>({0x84, 0xC0, 0xF, 0x85, 0x35, 0x41, 0xC3, 0xFB, 0xE9, 0x9E, 0x7F, 0xC, 0x0}));
		ApplyPatch(base, 0x582E567, std::to_array<uint8_t>({0x49, 0x8B, 0x8E, 0x10, 0x27, 0x0, 0x0, 0x48, 0x8B, 0x1, 0x48, 0x8D, 0x15, 0x54, 0x5F, 0xFB, 0xFC, 0x4C, 0x8D, 0xD, 0xE0, 0xE0, 0xFF, 0xFC, 0x49, 0x89, 0xF8, 0xE9, 0x28, 0xE7, 0xBF, 0xFB}));
		ApplyPatch(base, 0x58313C2, std::to_array<uint8_t>({0x41, 0xF, 0xB6, 0x4D, 0x61, 0x83, 0xF9, 0x1F, 0xF, 0x87, 0x5E, 0xBB, 0xBF, 0xFB, 0xE9, 0x48, 0x2, 0xBB, 0xFF}));
		ApplyPatch(base, 0x5832536, std::to_array<uint8_t>({0x34, 0x1, 0xF, 0xB6, 0xC0, 0x48, 0x8B, 0x75, 0x0, 0x48, 0x89, 0xE9, 0x89, 0xFA, 0x41, 0x89, 0xD8, 0xE9, 0x71, 0xAA, 0xBF, 0xFB}));
		ApplyPatch(base, 0x583A789, std::to_array<uint8_t>({0x49, 0x8B, 0x86, 0x88, 0x7B, 0x0, 0x0, 0x48, 0x8B, 0x48, 0x8, 0x48, 0x85, 0xC9, 0xF, 0x84, 0xE5, 0x25, 0xBF, 0xFB, 0xE9, 0x26, 0x5E, 0x42, 0xFB}));
		ApplyPatch(base, 0x5841B29, std::to_array<uint8_t>({0xF, 0xB6, 0x43, 0x60, 0x48, 0x69, 0xC0, 0xF0, 0xE, 0x0, 0x0, 0x48, 0x8D, 0xC, 0x28, 0x48, 0x81, 0xC1, 0x50, 0xC1, 0x0, 0x0, 0x4C, 0x89, 0xE2, 0x45, 0x89, 0xF8, 0x45, 0x89, 0xF1, 0xE9, 0xF, 0xB7, 0xBE, 0xFB}));
		ApplyPatch(base, 0x58428BB, std::to_array<uint8_t>({0xF, 0xB7, 0x4C, 0x24, 0x4E, 0x45, 0x89, 0xE0, 0x41, 0x89, 0xF1, 0x48, 0x8B, 0x54, 0x24, 0x58, 0x4C, 0x8B, 0x64, 0x24, 0x60, 0x84, 0xC0, 0xF, 0x85, 0x29, 0xA6, 0xBE, 0xFB, 0xE9, 0xDC, 0xA5, 0xBE, 0xFB}));
		ApplyPatch(base, 0x585CB45, std::to_array<uint8_t>({0x49, 0x8B, 0x86, 0x88, 0x7B, 0x0, 0x0, 0x48, 0x8B, 0x48, 0x8, 0x48, 0x8B, 0x1, 0x48, 0x8D, 0x15, 0x87, 0xE0, 0xFB, 0xFC, 0x4C, 0x8D, 0x5, 0x9E, 0xEB, 0xF8, 0xFC, 0xE9, 0x19, 0x2, 0xBD, 0xFB}));
		ApplyPatch(base, 0x586A7A5, std::to_array<uint8_t>({0xC6, 0x44, 0x24, 0x20, 0x1, 0x48, 0x89, 0xD9, 0x4C, 0x89, 0xFA, 0x41, 0x89, 0xC0, 0x41, 0x89, 0xE9, 0xE9, 0x98, 0x24, 0xBC, 0xFB}));
		ApplyPatch(base, 0x587E69F, std::to_array<uint8_t>({0x85, 0xFF, 0x89, 0x74, 0x24, 0x50, 0xF, 0x84, 0xBE, 0xE7, 0xBA, 0xFB, 0xE9, 0xB3, 0xAE, 0x8C, 0xFA}));
		ApplyPatch(base, 0x5895896, std::to_array<uint8_t>({0x41, 0x53, 0x4C, 0x8D, 0x1D, 0x66, 0x73, 0xB9, 0xFB, 0x4C, 0x87, 0x1C, 0x24, 0xC3}));
		ApplyPatch(base, 0x5899D8A, std::to_array<uint8_t>({0x85, 0xC0, 0xF, 0x84, 0x3F, 0x32, 0xB9, 0xFB, 0xE9, 0xF2, 0x12, 0x9F, 0xFA}));
		ApplyPatch(base, 0x58C1101, std::to_array<uint8_t>({0x4C, 0x8D, 0xAD, 0x50, 0xC1, 0x0, 0x0, 0x48, 0x89, 0xE9, 0x48, 0x89, 0xDA, 0xE9, 0x5F, 0xC1, 0xB6, 0xFB}));
		ApplyPatch(base, 0x58D6E94, std::to_array<uint8_t>({0x41, 0x54, 0x4C, 0x8D, 0x25, 0x13, 0x9, 0xBB, 0xFB, 0x4C, 0x87, 0x24, 0x24, 0xC3}));
		ApplyPatch(base, 0x58E8D34, std::to_array<uint8_t>({0x8D, 0x51, 0x1, 0x89, 0x96, 0x28, 0xE6, 0x2, 0x0, 0x48, 0x89, 0x84, 0xCE, 0xD8, 0xE5, 0x2, 0x0, 0xE9, 0xEE, 0xE9, 0xB9, 0xFB}));
		ApplyPatch(base, 0x58F2161, std::to_array<uint8_t>({0x49, 0x8B, 0x17, 0x4C, 0x89, 0xF9, 0x48, 0x85, 0xC0, 0xF, 0x84, 0x54, 0xAB, 0xB3, 0xFB, 0xE9, 0xBB, 0xAA, 0xB3, 0xFB}));
		ApplyPatch(base, 0x58FC64F, std::to_array<uint8_t>({0x48, 0x8B, 0xAF, 0x88, 0x7B, 0x0, 0x0, 0x44, 0x8B, 0xB6, 0x88, 0x0, 0x0, 0x0, 0x44, 0xF, 0xB7, 0x7E, 0xA, 0xF, 0xB6, 0x46, 0x49, 0x48, 0x83, 0xF8, 0x1F, 0xF, 0x87, 0xCA, 0xB, 0xB3, 0xFB, 0xE9, 0x71, 0x5B, 0x45, 0xFC}));
		ApplyPatch(base, 0x5912054, std::to_array<uint8_t>({0x48, 0x89, 0xF1, 0xBA, 0x6, 0x0, 0x0, 0x0, 0x41, 0xB8, 0x0, 0x30, 0x50, 0x10, 0xE9, 0x4D, 0x56, 0xB7, 0xFB}));
		ApplyPatch(base, 0x592F61C, std::to_array<uint8_t>({0x48, 0x8B, 0x44, 0x24, 0x28, 0x48, 0x85, 0xC0, 0xF, 0x84, 0xE, 0x81, 0xB5, 0xFB, 0xE9, 0xA, 0x52, 0x95, 0xFF}));
		ApplyPatch(base, 0x595C9E7, std::to_array<uint8_t>({0x83, 0x3D, 0xA, 0xA0, 0xE0, 0xFE, 0xFF, 0xF, 0x85, 0x11, 0x2, 0xAD, 0xFB, 0xE9, 0x66, 0xDA, 0xE, 0x0}));
		ApplyPatch(base, 0x5960188, std::to_array<uint8_t>({0x41, 0x57, 0x41, 0x56, 0x41, 0x55, 0x41, 0x54, 0x56, 0x57, 0x55, 0x53, 0x48, 0x83, 0xEC, 0x68, 0x4C, 0x89, 0xCF, 0x4D, 0x89, 0xC5, 0x49, 0x89, 0xD7, 0x49, 0x89, 0xCE, 0xC7, 0x44, 0x24, 0x54, 0x0, 0x0, 0x0, 0x0, 0x48, 0x8B, 0x2, 0x4C, 0x8D, 0x44, 0x24, 0x54, 0x48, 0x89, 0xD1, 0x4C, 0x89, 0xEA, 0xE9, 0xA3, 0xC9, 0xAC, 0xFB}));
		ApplyPatch(base, 0x5A1AC71, std::to_array<uint8_t>({0x0, 0xC3, 0x34, 0x1, 0x0, 0xC2, 0xC0, 0xE2, 0x4, 0x8, 0xDA, 0x41, 0x88, 0x94, 0xF, 0x8C, 0x0, 0x0, 0x0, 0x51, 0x48, 0x8D, 0xD, 0x26, 0x20, 0xA1, 0xFB, 0x48, 0x87, 0xC, 0x24, 0xC3}));
		ApplyPatch(base, 0x5A21101, std::to_array<uint8_t>({0x48, 0x89, 0xC1, 0x48, 0xD1, 0xE9, 0x41, 0xF, 0xB6, 0x94, 0xF, 0x8C, 0x0, 0x0, 0x0, 0x89, 0xD3, 0x80, 0xE3, 0xF, 0xC0, 0xEA, 0x4, 0x31, 0xED, 0x80, 0xFB, 0xF, 0x40, 0xF, 0x95, 0xC5, 0x31, 0xFF, 0x80, 0xFA, 0xF, 0x40, 0xF, 0x95, 0xC7, 0x83, 0xE0, 0x1, 0xF, 0x44, 0xEF, 0x40, 0x80, 0xFD, 0x1, 0xF, 0x85, 0x78, 0xBB, 0xA0, 0xFB, 0xE9, 0x32, 0x9B, 0xFF, 0xFF}));
		ApplyPatch(base, 0x5A4A45F, std::to_array<uint8_t>({0x89, 0x1D, 0x8F, 0xC5, 0xD1, 0xFE, 0x48, 0x8D, 0xD, 0x8C, 0xC5, 0xD1, 0xFE, 0xE9, 0xBE, 0x2B, 0x9E, 0xFB}));
		ApplyPatch(base, 0x5A5A350, std::to_array<uint8_t>({0x48, 0x8D, 0xC, 0x49, 0x3, 0x84, 0x8B, 0x10, 0x1, 0x0, 0x0, 0x3B, 0x84, 0x8B, 0x14, 0x1, 0x0, 0x0, 0xF, 0x86, 0x85, 0x2A, 0x9D, 0xFB, 0xE9, 0x88, 0xF4, 0xAF, 0xFA}));
		ApplyPatch(base, 0x5A6732F, std::to_array<uint8_t>({0x8B, 0x86, 0x5C, 0xB5, 0x2, 0x0, 0x48, 0x69, 0xC0, 0xD0, 0x4, 0x0, 0x0, 0x48, 0x8D, 0xC, 0x6, 0x48, 0x81, 0xC1, 0x38, 0xB6, 0x2, 0x0, 0x48, 0x8D, 0x54, 0x24, 0x28, 0xE9, 0xBB, 0x3, 0xA2, 0xFB}));
		ApplyPatch(base, 0x89C5, std::to_array<uint8_t>({0x8B, 0x44, 0x24, 0x50, 0x89, 0x44, 0x24, 0x30, 0x48, 0x89, 0x54, 0x24, 0x28, 0x66, 0x89, 0x4C, 0x24, 0x20, 0x66, 0x89, 0x4C, 0x24, 0x4E, 0x48, 0x89, 0xD9, 0x4C, 0x89, 0x64, 0x24, 0x60, 0x48, 0x89, 0x54, 0x24, 0x58, 0x48, 0x89, 0xEA, 0x45, 0x89, 0xC4, 0x44, 0x89, 0xCE, 0xE9, 0xA4, 0x44, 0x42, 0x1}));
		ApplyPatch(base, 0xD8B5, std::to_array<uint8_t>({0x80, 0xBE, 0x5C, 0xB4, 0x0, 0x0, 0x0, 0xF, 0x84, 0xEE, 0x9E, 0x47, 0x1, 0xE9, 0x62, 0x8B, 0x47, 0x5}));
		ApplyPatch(base, 0x2B3D5, std::to_array<uint8_t>({0xFF, 0x80, 0x68, 0x3, 0x0, 0x0, 0xE9, 0x27, 0x1E, 0x40, 0x1}));
		ApplyPatch(base, 0x4EA55, std::to_array<uint8_t>({0x48, 0x83, 0xEC, 0x28, 0x4C, 0x89, 0xC3, 0x48, 0x89, 0xD6, 0x48, 0x89, 0xCF, 0x41, 0xF, 0xB6, 0x48, 0x61, 0xB8, 0x1, 0x0, 0x0, 0x0, 0xD3, 0xE0, 0x48, 0x81, 0xF9, 0xFF, 0x0, 0x0, 0x0, 0xF, 0x84, 0x48, 0xE7, 0x3D, 0x1, 0xE9, 0xC2, 0xDD, 0x84, 0x1}));
		ApplyPatch(base, 0x53635, std::to_array<uint8_t>({0x49, 0x8B, 0x7, 0x4C, 0x89, 0xF9, 0xE9, 0x4, 0x99, 0x3D, 0x1}));
		ApplyPatch(base, 0x54AC5, std::to_array<uint8_t>({0x49, 0x8B, 0x7, 0x4C, 0x89, 0xF9, 0xE9, 0x0, 0x82, 0x3D, 0x1}));
		ApplyPatch(base, 0x149563, std::to_array<uint8_t>({0x39, 0xC7, 0xF, 0x84, 0x3, 0x39, 0x2E, 0x1, 0xE9, 0x10, 0x66, 0x66, 0x5}));
		ApplyPatch(base, 0x2690A5, std::to_array<uint8_t>({0x49, 0x8B, 0x7, 0x4C, 0x89, 0xF9, 0xE9, 0xA6, 0x3E, 0x1C, 0x1}));
		ApplyPatch(base, 0x28B089, std::to_array<uint8_t>({0x31, 0xDB, 0xE9, 0x0, 0x1F, 0x1A, 0x1}));
		ApplyPatch(base, 0x339505, std::to_array<uint8_t>({0x48, 0x8B, 0x6, 0x48, 0x89, 0xF1, 0xE9, 0xE0, 0x3D, 0xF, 0x1}));
		ApplyPatch(base, 0x34B8D9, std::to_array<uint8_t>({0x31, 0xED, 0xE9, 0x47, 0x15, 0xE, 0x1}));
		ApplyPatch(base, 0x5597F5, std::to_array<uint8_t>({0xFF, 0x83, 0x68, 0x3, 0x0, 0x0, 0xE9, 0x4D, 0x35, 0xED, 0x0}));
		ApplyPatch(base, 0x73FF28, std::to_array<uint8_t>({0x45, 0x31, 0xE4, 0xE9, 0xD, 0xD3, 0xCE, 0x0}));
		ApplyPatch(base, 0x750585, std::to_array<uint8_t>({0x49, 0x8B, 0x7, 0x4C, 0x89, 0xF9, 0xE9, 0xD0, 0xC6, 0xCD, 0x0}));
		ApplyPatch(base, 0x793164, std::to_array<uint8_t>({0x48, 0x8B, 0x8E, 0x38, 0xAA, 0x0, 0x0, 0xE9, 0x37, 0x46, 0xCF, 0x0}));
		ApplyPatch(base, 0xA0F365, std::to_array<uint8_t>({0x49, 0x8B, 0x7, 0x4C, 0x89, 0xF9, 0xE9, 0x67, 0xDC, 0xA1, 0x0}));
		ApplyPatch(base, 0xAC91E5, std::to_array<uint8_t>({0x49, 0x8B, 0x7, 0x4C, 0x89, 0xF9, 0xE9, 0xE1, 0x39, 0x96, 0x0}));
		ApplyPatch(base, 0xC1ADF3, std::to_array<uint8_t>({0x50, 0x48, 0x8D, 0x5, 0xB7, 0x1E, 0x81, 0x0, 0x48, 0x87, 0x4, 0x24, 0xC3}));
		ApplyPatch(base, 0xC605C8, std::to_array<uint8_t>({0x48, 0x8B, 0x1, 0xE9, 0x90, 0xC7, 0x7C, 0x0}));
		ApplyPatch(base, 0xCF78B2, std::to_array<uint8_t>({0x80, 0xF9, 0xFF, 0xF, 0x84, 0x4C, 0x59, 0x73, 0x0, 0xE9, 0x9C, 0x94, 0x56, 0x1}));
		ApplyPatch(base, 0xE8CF52, std::to_array<uint8_t>({0x48, 0x85, 0xC0, 0xF, 0x84, 0x92, 0x0, 0x5A, 0x0, 0xE9, 0x45, 0xC1, 0x3D, 0xFF}));
		ApplyPatch(base, 0xF2C661, std::to_array<uint8_t>({0x4D, 0x8B, 0xA6, 0x88, 0x7B, 0x0, 0x0, 0x48, 0x89, 0xF9, 0xE9, 0x87, 0x7, 0x50, 0x0}));
		ApplyPatch(base, 0x1119D16, std::to_array<uint8_t>({0x89, 0xC6, 0x48, 0x89, 0xF9, 0xE9, 0xE1, 0x30, 0x31, 0x0}));
		ApplyPatch(base, 0x11B3982, std::to_array<uint8_t>({0x48, 0x89, 0xC3, 0x49, 0x8B, 0x7, 0x4C, 0x89, 0xF9, 0xE9, 0xAC, 0x92, 0x27, 0x0}));
		ApplyPatch(base, 0x1215185, std::to_array<uint8_t>({0x49, 0x8B, 0x7, 0x4C, 0x89, 0xF9, 0xE9, 0xFF, 0x79, 0x21, 0x0}));
		ApplyPatch(base, 0x123ACB5, std::to_array<uint8_t>({0x41, 0xF, 0xB6, 0x7D, 0x61, 0xBA, 0xFE, 0xFF, 0xFF, 0xFF, 0x41, 0x55, 0x4C, 0x8D, 0x2D, 0x4D, 0xAC, 0x3B, 0x4, 0x4C, 0x87, 0x2C, 0x24, 0xC3}));
		ApplyPatch(base, 0x125B7D9, std::to_array<uint8_t>({0x41, 0x80, 0x7D, 0x61, 0xFF, 0xF, 0x84, 0xCE, 0x14, 0x1D, 0x0, 0xE9, 0xB, 0x1E, 0xF, 0x4}));
		ApplyPatch(base, 0x12890D4, std::to_array<uint8_t>({0x48, 0x8B, 0x8E, 0x38, 0xAA, 0x0, 0x0, 0xE9, 0x82, 0xE6, 0x1F, 0x0}));
		ApplyPatch(base, 0x128BE42, std::to_array<uint8_t>({0x80, 0xF9, 0xFF, 0xF, 0x84, 0xF3, 0x10, 0x1A, 0x0, 0xE9, 0xA2, 0x75, 0x22, 0x4}));
		ApplyPatch(base, 0x12C4033, std::to_array<uint8_t>({0x39, 0xC3, 0xF, 0x82, 0x55, 0x8F, 0x16, 0x0, 0xE9, 0x91, 0x8F, 0x16, 0x0}));
		ApplyPatch(base, 0x142CB30, std::to_array<uint8_t>({0xE9, 0x53, 0x36, 0x53, 0x4}));
		ApplyPatch(base, 0x142CB3E, std::to_array<uint8_t>({0xE9, 0xB, 0xDB, 0x7A, 0x0}));
		ApplyPatch(base, 0x142CB62, std::to_array<uint8_t>({0xFF, 0x90, 0x68, 0x1, 0x0, 0x0, 0x90, 0xE9, 0x95, 0xD8, 0xE2, 0x0}));
		ApplyPatch(base, 0x142CB8F, std::to_array<uint8_t>({0xFF, 0x90, 0x98, 0x0, 0x0, 0x0, 0x90, 0xE9, 0xDB, 0x75, 0x3C, 0x4}));
		ApplyPatch(base, 0x142CBB8, std::to_array<uint8_t>({0xFF, 0x50, 0x30, 0x90, 0xEB, 0x80, 0xE8, 0xCD, 0x3A, 0xCC, 0xFE, 0x90, 0xE9, 0xD6, 0x39, 0x38, 0x4}));
		ApplyPatch(base, 0x142CBD1, std::to_array<uint8_t>({0xFF, 0x90, 0xE0, 0x0, 0x0, 0x0, 0x89, 0xC6, 0xE8, 0xA2, 0xFC, 0xCF, 0xFE, 0x90, 0xE9, 0xB2, 0xA0, 0x3C, 0x4}));
		ApplyPatch(base, 0x142CC05, std::to_array<uint8_t>({0xE9, 0x41, 0xA4, 0x10, 0x4}));
		ApplyPatch(base, 0x142CC1E, std::to_array<uint8_t>({0xFF, 0x50, 0x50, 0x90, 0xE9, 0x3A, 0x55, 0x4C, 0x4}));
		ApplyPatch(base, 0x142CC30, std::to_array<uint8_t>({0xFF, 0x52, 0x60, 0x90, 0xE9, 0x49, 0x6D, 0xD8, 0xFF}));
		ApplyPatch(base, 0x142CC3C, std::to_array<uint8_t>({0xFF, 0x90, 0xE0, 0x0, 0x0, 0x0, 0x90, 0xE9, 0x5D, 0xDB, 0x43, 0x4}));
		ApplyPatch(base, 0x142CC53, std::to_array<uint8_t>({0xE8, 0x58, 0xEA, 0xFF, 0xFF, 0xEB, 0x70, 0xE9, 0x26, 0x39, 0x32, 0xFF}));
		ApplyPatch(base, 0x142CC60, std::to_array<uint8_t>({0xFF, 0x90, 0x98, 0x0, 0x0, 0x0, 0x90, 0xE9, 0x68, 0x57, 0x1D, 0x4}));
		ApplyPatch(base, 0x142CC74, std::to_array<uint8_t>({0xFF, 0x50, 0x48, 0x90, 0xE9, 0x5E, 0x8C, 0x2, 0x4}));
		ApplyPatch(base, 0x142CC91, std::to_array<uint8_t>({0xFF, 0x55, 0x30, 0x90, 0xE9, 0xCD, 0x18, 0x40, 0x4}));
		ApplyPatch(base, 0x142CCAF, std::to_array<uint8_t>({0xFF, 0x50, 0x30, 0x90, 0xE9, 0xF9, 0x4E, 0xEB, 0x3}));
		ApplyPatch(base, 0x142CCC4, std::to_array<uint8_t>({0xFF, 0x92, 0x58, 0x1, 0x0, 0x0, 0x90, 0xE9, 0xF5, 0x7D, 0xC2, 0xFE, 0xFF, 0x50, 0x60, 0x90, 0xE9, 0xA4, 0x2B, 0x1A, 0x4}));
		ApplyPatch(base, 0x142CD0F, std::to_array<uint8_t>({0xFF, 0x53, 0x8, 0x90, 0xE9, 0x9, 0xDB, 0x5F, 0x0}));
		ApplyPatch(base, 0x142CD1C, std::to_array<uint8_t>({0xE8, 0x6F, 0x39, 0xCC, 0xFE, 0x90, 0xE9, 0xAE, 0x8, 0xEC, 0x3}));
		ApplyPatch(base, 0x142CD4D, std::to_array<uint8_t>({0xE9, 0x37, 0xDA, 0x40, 0x4}));
		ApplyPatch(base, 0x142CD60, std::to_array<uint8_t>({0xFF, 0x50, 0x8, 0x90, 0xE9, 0xDC, 0xFD, 0x42, 0x4}));
		ApplyPatch(base, 0x142CD7F, std::to_array<uint8_t>({0xFF, 0x50, 0x30, 0x90, 0xE9, 0x15, 0x74, 0x39, 0x4, 0xE9, 0x89, 0xCF, 0xCE, 0xFF}));
		ApplyPatch(base, 0x142CDA7, std::to_array<uint8_t>({0xE9, 0x2D, 0xEB, 0xF1, 0xFE}));
		ApplyPatch(base, 0x142CDED, std::to_array<uint8_t>({0xE9, 0x6F, 0xF8, 0xAF, 0xFF}));
		ApplyPatch(base, 0x142CDF7, std::to_array<uint8_t>({0xE8, 0x94, 0x38, 0xCC, 0xFE, 0x90, 0xEB, 0x89}));
		ApplyPatch(base, 0x142CE01, std::to_array<uint8_t>({0xE8, 0x9A, 0xA0, 0x67, 0xFF, 0x90, 0xE9, 0xB6, 0x1E, 0x38, 0x4}));
		ApplyPatch(base, 0x142CE25, std::to_array<uint8_t>({0xEB, 0x80, 0xE9, 0x1D, 0x7B, 0xFC, 0x3}));
		ApplyPatch(base, 0x142CE69, std::to_array<uint8_t>({0xE9, 0x3B, 0xBD, 0x8C, 0x0, 0xE9, 0x52, 0xBB, 0xBD, 0xFE}));
		ApplyPatch(base, 0x142CE9B, std::to_array<uint8_t>({0xE8, 0xE0, 0xA3, 0xFF, 0xFF, 0x90, 0xE9, 0x15, 0x5A, 0x41, 0x4}));
		ApplyPatch(base, 0x142CEB9, std::to_array<uint8_t>({0xE9, 0x1, 0x5C, 0x12, 0x4}));
		ApplyPatch(base, 0x142CED0, std::to_array<uint8_t>({0xE8, 0x2B, 0x22, 0x0, 0x0, 0x90, 0xE9, 0x5B, 0xB3, 0xF3, 0x3}));
		ApplyPatch(base, 0x142CEFC, std::to_array<uint8_t>({0xE8, 0x7F, 0xA3, 0xFF, 0xFF, 0x90, 0xE9, 0xBB, 0x44, 0x40, 0x4}));
		ApplyPatch(base, 0x142CF0D, std::to_array<uint8_t>({0xE9, 0x78, 0xCE, 0x46, 0x4}));
		ApplyPatch(base, 0x142CF2E, std::to_array<uint8_t>({0xE9, 0xF, 0xEF, 0xE5, 0xFF}));
		ApplyPatch(base, 0x142CF3E, std::to_array<uint8_t>({0xE9, 0xF2, 0x66, 0xC2, 0xFE}));
		ApplyPatch(base, 0x142CF44, std::to_array<uint8_t>({0xFF, 0x50, 0x50, 0x90, 0xE9, 0x5, 0x0, 0xA6, 0xFF}));
		ApplyPatch(base, 0x142CF50, std::to_array<uint8_t>({0xE9, 0xDE, 0x70, 0xE9, 0xFF}));
		ApplyPatch(base, 0x142CF56, std::to_array<uint8_t>({0xFF, 0x50, 0x50, 0x90, 0xE9, 0x56, 0xDD, 0xE0, 0xFF}));
		ApplyPatch(base, 0x142CF87, std::to_array<uint8_t>({0xFF, 0x50, 0x20, 0x90, 0xEB, 0x80}));
		ApplyPatch(base, 0x142CF90, std::to_array<uint8_t>({0xE9, 0xE0, 0x34, 0xE5, 0x0}));
		ApplyPatch(base, 0x142CF9B, std::to_array<uint8_t>({0xE8, 0x20, 0xA7, 0xFE, 0xFF, 0x90, 0xE9, 0x5C, 0x4A, 0x2, 0x0}));
		ApplyPatch(base, 0x142CFA9, std::to_array<uint8_t>({0xFF, 0x50, 0x40, 0x90, 0xE9, 0x84, 0x55, 0x40, 0x4}));
		ApplyPatch(base, 0x142CFBD, std::to_array<uint8_t>({0xFF, 0x54, 0xC6, 0x70, 0x90, 0xE9, 0x7E, 0xAF, 0x92, 0x0}));
		ApplyPatch(base, 0x142CFCA, std::to_array<uint8_t>({0xFF, 0x50, 0x20, 0x90, 0xEB, 0x80}));
		ApplyPatch(base, 0x142CFD1, std::to_array<uint8_t>({0xE9, 0x8F, 0x23, 0x5E, 0xFF}));
		ApplyPatch(base, 0x142CFD7, std::to_array<uint8_t>({0xFF, 0x50, 0x60, 0x90, 0xE9, 0x38, 0xE7, 0x8, 0x0}));
		ApplyPatch(base, 0x142CFE8, std::to_array<uint8_t>({0xE8, 0x53, 0x0, 0x0, 0x0, 0x90, 0xE9, 0xAB, 0xD5, 0x37, 0x4, 0xE9, 0xFB, 0xDD, 0x7E, 0xFF}));
		ApplyPatch(base, 0x142CFFE, std::to_array<uint8_t>({0xFF, 0x90, 0x38, 0x2, 0x0, 0x0, 0x90, 0xEB, 0xEC}));
		ApplyPatch(base, 0x142D009, std::to_array<uint8_t>({0xE9, 0x66, 0x4A, 0x1A, 0x0}));
		ApplyPatch(base, 0x142D010, std::to_array<uint8_t>({0xE8, 0xA7, 0xD5, 0xFE, 0x0, 0x90, 0xE9, 0xCC, 0xF9, 0x52, 0x4, 0xE9, 0x76, 0x88, 0x46, 0x4}));
		ApplyPatch(base, 0x142D02F, std::to_array<uint8_t>({0xE8, 0xF0, 0xD5, 0xFE, 0x0, 0x90, 0xEB, 0xE4}));
		ApplyPatch(base, 0x142D190, std::to_array<uint8_t>({0xE9, 0xF9, 0x59, 0x2, 0x4, 0xE9, 0xCF, 0x3, 0x50, 0x0}));
		ApplyPatch(base, 0x142D1BE, std::to_array<uint8_t>({0xE9, 0x65, 0x2D, 0x31, 0xFF, 0xE9, 0x9, 0x36, 0x7B, 0x0}));
		ApplyPatch(base, 0x142D1C9, std::to_array<uint8_t>({0xEB, 0xCA, 0xE9, 0xE0, 0x72, 0xD, 0x4}));
		ApplyPatch(base, 0x142D1DE, std::to_array<uint8_t>({0xE9, 0xCF, 0xA6, 0x8C, 0xFF}));
		ApplyPatch(base, 0x142D1E4, std::to_array<uint8_t>({0xE9, 0x6D, 0xBF, 0x3C, 0x4}));
		ApplyPatch(base, 0x142D207, std::to_array<uint8_t>({0xE9, 0x5F, 0xD5, 0x2F, 0x4, 0xE9, 0x3E, 0xF4, 0x4C, 0x4}));
		ApplyPatch(base, 0x142D23A, std::to_array<uint8_t>({0xEB, 0x82}));
		ApplyPatch(base, 0x142D23D, std::to_array<uint8_t>({0xE9, 0xE7, 0x48, 0x41, 0x4}));
		ApplyPatch(base, 0x142D25C, std::to_array<uint8_t>({0xE8, 0x6F, 0xA3, 0xFF, 0xFF, 0x90, 0xEB, 0x80}));
		ApplyPatch(base, 0x142D272, std::to_array<uint8_t>({0xE8, 0x89, 0x1E, 0x0, 0x0, 0x90, 0xE9, 0x4C, 0x64, 0xF2, 0x3, 0xE9, 0x45, 0x15, 0x3C, 0x4}));
		ApplyPatch(base, 0x142D28E, std::to_array<uint8_t>({0xE8, 0x3D, 0xA3, 0xFF, 0xFF, 0x90, 0xE9, 0x24, 0x8E, 0x1D, 0x4}));
		ApplyPatch(base, 0x142D2D5, std::to_array<uint8_t>({0xE9, 0xBC, 0x96, 0xF3, 0x0}));
		ApplyPatch(base, 0x142D2F0, std::to_array<uint8_t>({0xFF, 0x90, 0x98, 0x0, 0x0, 0x0, 0x90, 0xEB, 0x84}));
		ApplyPatch(base, 0x1451A02, std::to_array<uint8_t>({0x48, 0x8B, 0x45, 0x0, 0x48, 0x89, 0xE9, 0x89, 0xDA, 0xE9, 0x99, 0xB5, 0xFD, 0xFF}));
		ApplyPatch(base, 0x1487620, std::to_array<uint8_t>({0xE9, 0x21, 0x4D, 0xC, 0x4}));
		ApplyPatch(base, 0x1487644, std::to_array<uint8_t>({0xE8, 0x57, 0xC4, 0x0, 0x0, 0x90, 0xE9, 0x66, 0x62, 0xB8, 0xFE}));
		ApplyPatch(base, 0x1487664, std::to_array<uint8_t>({0xE8, 0xB7, 0xEE, 0xFF, 0xFF, 0x90, 0xE9, 0xF1, 0x75, 0xDE, 0x3}));
		ApplyPatch(base, 0x1487675, std::to_array<uint8_t>({0xE9, 0xE6, 0xC7, 0xE6, 0x3}));
		ApplyPatch(base, 0x1487682, std::to_array<uint8_t>({0xE8, 0xF9, 0x51, 0xCA, 0xFE, 0x90, 0xE9, 0xA2, 0xC8, 0xEE, 0x3}));
		ApplyPatch(base, 0x14876B4, std::to_array<uint8_t>({0xE8, 0x67, 0xEE, 0xFF, 0xFF, 0x90, 0xE9, 0x5E, 0x74, 0x7, 0x4}));
		ApplyPatch(base, 0x14876D5, std::to_array<uint8_t>({0xE9, 0xEE, 0x5D, 0xEC, 0x3}));
		ApplyPatch(base, 0x148770C, std::to_array<uint8_t>({0xE8, 0x9F, 0x30, 0x27, 0xFF, 0x90, 0xE9, 0x5, 0x7F, 0x4A, 0x4}));
		ApplyPatch(base, 0x148772F, std::to_array<uint8_t>({0xE9, 0xCC, 0x89, 0x23, 0x4}));
		ApplyPatch(base, 0x1487738, std::to_array<uint8_t>({0xE9, 0x7, 0xCD, 0x33, 0x4}));
		ApplyPatch(base, 0x1487749, std::to_array<uint8_t>({0xE8, 0xD2, 0x94, 0x0, 0x0, 0xEB, 0x60, 0xE9, 0x8C, 0x74, 0xEB, 0x3}));
		ApplyPatch(base, 0x148775B, std::to_array<uint8_t>({0xE9, 0x74, 0x19, 0xE0, 0xFF}));
		ApplyPatch(base, 0x1487762, std::to_array<uint8_t>({0xE8, 0x79, 0xF9, 0x7F, 0x0, 0x90, 0xE9, 0x6F, 0xE1, 0xE3, 0x3}));
		ApplyPatch(base, 0x148778E, std::to_array<uint8_t>({0xE8, 0xED, 0x50, 0xCA, 0xFE, 0x90, 0xE9, 0xF8, 0xB6, 0xE3, 0x3}));
		ApplyPatch(base, 0x14877A7, std::to_array<uint8_t>({0xE8, 0x44, 0xAB, 0x7F, 0x0, 0x90, 0xEB, 0x80}));
		ApplyPatch(base, 0x14877B0, std::to_array<uint8_t>({0xE9, 0xF1, 0x65, 0xDD, 0x0}));
		ApplyPatch(base, 0x14877B8, std::to_array<uint8_t>({0xE9, 0x1D, 0xA8, 0x17, 0x4}));
		ApplyPatch(base, 0x14877C6, std::to_array<uint8_t>({0xE9, 0xA4, 0x7E, 0xDF, 0x0}));
		ApplyPatch(base, 0x14877D2, std::to_array<uint8_t>({0xE9, 0xF1, 0x65, 0x1D, 0x4}));
		ApplyPatch(base, 0x14BB718, std::to_array<uint8_t>({0x45, 0xF, 0xB6, 0x45, 0x61, 0x48, 0x89, 0xC1, 0x4C, 0x89, 0xFA, 0x45, 0x31, 0xC9, 0xE9, 0xBD, 0x18, 0xF7, 0xFF}));
		ApplyPatch(base, 0x15D1A74, std::to_array<uint8_t>({0x48, 0x8D, 0xD, 0x7D, 0x4F, 0x19, 0x3, 0xE9, 0x90, 0xB5, 0xE5, 0xFF}));
		ApplyPatch(base, 0x189C842, std::to_array<uint8_t>({0x23, 0x46, 0x74, 0xF, 0x85, 0x7E, 0x9, 0xB9, 0xFF, 0xE9, 0x73, 0x9, 0xB9, 0xFF}));
		ApplyPatch(base, 0x192D569, std::to_array<uint8_t>({0x31, 0xFF, 0xE9, 0x5B, 0xFC, 0xAF, 0xFF}));
		ApplyPatch(base, 0x1A2A821, std::to_array<uint8_t>({0x49, 0x8B, 0x9E, 0x90, 0x7B, 0x0, 0x0, 0x48, 0x89, 0xF9, 0xE9, 0xEC, 0x24, 0xA0, 0xFF}));
		ApplyPatch(base, 0x1BDA64E, std::to_array<uint8_t>({0x48, 0x89, 0xF9, 0xE9, 0x68, 0x25, 0x85, 0xFF}));
		ApplyPatch(base, 0x1BE07D1, std::to_array<uint8_t>({0x80, 0x7E, 0x4A, 0xFF, 0xF, 0x84, 0x3, 0xCA, 0x84, 0xFF, 0xE9, 0xE9, 0xC9, 0x84, 0xFF}));
		ApplyPatch(base, 0x1CF8BA9, std::to_array<uint8_t>({0x89, 0x43, 0x8, 0x89, 0xC7, 0xE9, 0xBB, 0x42, 0x73, 0xFF}));
		ApplyPatch(base, 0x1D521E6, std::to_array<uint8_t>({0x48, 0x8B, 0xD, 0xDB, 0x47, 0xA1, 0x2, 0x4C, 0x8B, 0xA4, 0xC1, 0x88, 0x1, 0x0, 0x0, 0x41, 0x57, 0x4C, 0x8D, 0x3D, 0x3F, 0xB0, 0x6D, 0xFF, 0x4C, 0x87, 0x3C, 0x24, 0xC3}));
		ApplyPatch(base, 0x1D57F45, std::to_array<uint8_t>({0xFF, 0xC3, 0x48, 0x8B, 0x45, 0x0, 0x48, 0x89, 0xE9, 0xE9, 0x77, 0x50, 0x6D, 0xFF}));
		ApplyPatch(base, 0x1DDBB98, std::to_array<uint8_t>({0x48, 0x89, 0xF1, 0xE9, 0xA4, 0xBA, 0x6A, 0xFF}));
		ApplyPatch(base, 0x225A403, std::to_array<uint8_t>({0x84, 0xC0, 0xF, 0x84, 0x4F, 0x28, 0x1D, 0xFF, 0xE9, 0xC9, 0x13, 0x0, 0xFF}));
		ApplyPatch(base, 0x225DDA6, std::to_array<uint8_t>({0x48, 0x83, 0xC4, 0x30, 0x5B, 0x5F, 0x5E, 0x48, 0x8D, 0x64, 0x24, 0x8, 0xFF, 0x64, 0x24, 0xF8}));
		ApplyPatch(base, 0x2260D5C, std::to_array<uint8_t>({0x48, 0x8B, 0x87, 0x90, 0x7B, 0x0, 0x0, 0x48, 0x8D, 0xC, 0x49, 0x8B, 0x94, 0x88, 0x10, 0x1, 0x0, 0x0, 0x83, 0xC2, 0x12, 0x3B, 0x94, 0x88, 0x14, 0x1, 0x0, 0x0, 0xF, 0x86, 0x8E, 0xC4, 0x1C, 0xFF, 0xE9, 0x52, 0xA6, 0xDC, 0xFD}));
		ApplyPatch(base, 0x227F66F, std::to_array<uint8_t>({0x48, 0x83, 0xC4, 0x30, 0x5B, 0x5F, 0x5E, 0x41, 0x51, 0x4C, 0x8D, 0xD, 0xA1, 0x6E, 0x20, 0xFF, 0x4C, 0x87, 0xC, 0x24, 0xC3}));
		ApplyPatch(base, 0x2280475, std::to_array<uint8_t>({0x48, 0x89, 0xE9, 0x89, 0xDA, 0x41, 0x89, 0xF8, 0x41, 0xB1, 0x1, 0xE9, 0x16, 0xCB, 0x1A, 0xFF}));
		ApplyPatch(base, 0x2366996, std::to_array<uint8_t>({0x48, 0x8B, 0x87, 0x88, 0x7B, 0x0, 0x0, 0x40, 0xB7, 0x1, 0x48, 0x83, 0x78, 0x8, 0x0, 0xF, 0x84, 0x20, 0x68, 0xC, 0xFF, 0xE9, 0x55, 0x2B, 0xFD, 0xFD}));
		ApplyPatch(base, 0x526EC60, std::to_array<uint8_t>({0xC6, 0x86, 0x5C, 0xB4, 0x0, 0x0, 0x0, 0x41, 0x50, 0x4C, 0x8D, 0x5, 0x40, 0x8B, 0x21, 0xFC, 0x4C, 0x87, 0x4, 0x24, 0xC3}));
		ApplyPatch(base, 0x5284839, std::to_array<uint8_t>({0x8B, 0x8E, 0x28, 0xE6, 0x2, 0x0, 0x48, 0x83, 0xF9, 0xE, 0xF, 0x87, 0xEF, 0x2E, 0x20, 0xFC, 0xE9, 0xE6, 0x44, 0x66, 0x0}));
		ApplyPatch(base, 0x52C2E91, std::to_array<uint8_t>({0x83, 0xC8, 0x1, 0x2B, 0x86, 0x54, 0xB4, 0x0, 0x0, 0x39, 0xD8, 0xF, 0x86, 0xE, 0x49, 0x1C, 0xFC, 0xE9, 0xBD, 0x2, 0x4D, 0xFB}));
		ApplyPatch(base, 0x52C58DC, std::to_array<uint8_t>({0x8B, 0x8E, 0x4C, 0xB4, 0x0, 0x0, 0xF3, 0x48, 0xF, 0x2A, 0xC1, 0xF3, 0xF, 0x59, 0x86, 0x50, 0xB4, 0x0, 0x0, 0xF3, 0x48, 0xF, 0x2C, 0xD8, 0x84, 0xC0, 0xF, 0x44, 0xD9, 0x85, 0xDB, 0xF, 0x94, 0xC0, 0x40, 0x8, 0xC7, 0xF, 0x85, 0xA9, 0x1E, 0x1C, 0xFC, 0xE9, 0x82, 0x1E, 0x1C, 0xFC}));
		ApplyPatch(base, 0x52E1BB1, std::to_array<uint8_t>({0x48, 0x83, 0xC4, 0x68, 0x5B, 0x5D, 0x5F, 0x5E, 0x41, 0x5C, 0x41, 0x5D, 0x41, 0x5E, 0x41, 0x5F, 0x48, 0x8D, 0x64, 0x24, 0x8, 0xFF, 0x64, 0x24, 0xF8}));
		ApplyPatch(base, 0x52ED5D5, std::to_array<uint8_t>({0x41, 0xF, 0xB6, 0x4D, 0x61, 0x48, 0x81, 0xF9, 0xFF, 0x0, 0x0, 0x0, 0xF, 0x84, 0x66, 0xF7, 0x13, 0xFC, 0xE9, 0x64, 0xCD, 0x76, 0x0}));
		ApplyPatch(base, 0x52F3E60, std::to_array<uint8_t>({0x80, 0xBE, 0x5C, 0xB4, 0x0, 0x0, 0x0, 0xF, 0x84, 0xE3, 0x38, 0x19, 0xFC, 0xE9, 0x10, 0x38, 0x19, 0xFC}));
		ApplyPatch(base, 0x533EBE1, std::to_array<uint8_t>({0x31, 0xFF, 0x83, 0xBE, 0x4C, 0xB4, 0x0, 0x0, 0x0, 0xF, 0x84, 0xC0, 0x8B, 0x14, 0xFC, 0xE9, 0x66, 0x8B, 0x14, 0xFC}));
		ApplyPatch(base, 0x534D4C8, std::to_array<uint8_t>({0xF, 0xB6, 0x86, 0xFC, 0xAC, 0x0, 0x0, 0x89, 0xC1, 0x80, 0xF1, 0x1, 0x88, 0x8E, 0x8C, 0xE8, 0x1, 0x0, 0x84, 0xC0, 0xF, 0x84, 0xD6, 0xA2, 0x13, 0xFC, 0xE9, 0x48, 0x9E, 0x71, 0x0}));
		ApplyPatch(base, 0x534D5F4, std::to_array<uint8_t>({0x49, 0x8B, 0x86, 0x88, 0x7B, 0x0, 0x0, 0x48, 0x83, 0x78, 0x8, 0x0, 0xF, 0x84, 0xB5, 0xF5, 0xD, 0xFC, 0xE9, 0x7A, 0x7B, 0xEC, 0xFB}));
		ApplyPatch(base, 0x53536C9, std::to_array<uint8_t>({0xF, 0xB6, 0x43, 0x60, 0x48, 0x69, 0xC8, 0xF0, 0xE, 0x0, 0x0, 0x4C, 0x1, 0xE9, 0x4C, 0x89, 0xE2, 0x45, 0x89, 0xF8, 0x45, 0x89, 0xF1, 0xE9, 0xA9, 0x9B, 0xD, 0xFC}));
		ApplyPatch(base, 0x5368236, std::to_array<uint8_t>({0x89, 0x7B, 0x8, 0x8B, 0x44, 0x24, 0x50, 0x89, 0x44, 0x24, 0x30, 0x4C, 0x89, 0x64, 0x24, 0x28, 0x66, 0x89, 0x74, 0x24, 0x20, 0x48, 0x89, 0xD9, 0x48, 0x89, 0xEA, 0x44, 0xF, 0xB7, 0x44, 0x24, 0x4A, 0x44, 0xF, 0xB7, 0x4C, 0x24, 0x4C, 0xE9, 0x9A, 0x4C, 0xC, 0xFC}));
		ApplyPatch(base, 0x5373F2F, std::to_array<uint8_t>({0x8B, 0x8E, 0x64, 0xB4, 0x0, 0x0, 0x85, 0xC9, 0xF, 0x84, 0x13, 0x38, 0x11, 0xFC, 0xE9, 0xBD, 0x8A, 0x21, 0x0}));
		ApplyPatch(base, 0x5395573, std::to_array<uint8_t>({0xD3, 0xC0, 0x21, 0x46, 0x74, 0xF, 0xB6, 0x4B, 0x61, 0x81, 0xF9, 0xFF, 0x0, 0x0, 0x0, 0xF, 0x84, 0x4D, 0x7D, 0x9, 0xFC, 0xE9, 0xE8, 0x45, 0x3A, 0x0}));
		ApplyPatch(base, 0x53E161D, std::to_array<uint8_t>({0x48, 0x89, 0xC8, 0x48, 0xD1, 0xE8, 0xF6, 0xC1, 0x1, 0xB9, 0xF, 0x0, 0x0, 0x0, 0xBA, 0xF0, 0x0, 0x0, 0x0, 0xF, 0x44, 0xD1, 0x41, 0x20, 0x94, 0x7, 0x8C, 0x0, 0x0, 0x0, 0x41, 0xF, 0xB6, 0x4D, 0x61, 0xE9, 0xE9, 0xB8, 0x4, 0xFC}));
		ApplyPatch(base, 0x53F4949, std::to_array<uint8_t>({0x41, 0xF, 0xB7, 0x4F, 0x4E, 0x45, 0xF, 0xB7, 0x47, 0x8, 0x45, 0xF, 0xB7, 0x4F, 0xA, 0x41, 0xF, 0xB6, 0x45, 0x60, 0x48, 0x69, 0xC0, 0xF0, 0xE, 0x0, 0x0, 0x49, 0x8D, 0x1C, 0x4, 0x48, 0x81, 0xC3, 0x50, 0xC1, 0x0, 0x0, 0x41, 0x8B, 0xBC, 0x4, 0x58, 0xC1, 0x0, 0x0, 0x8B, 0x5, 0x73, 0x20, 0x37, 0xFF, 0x41, 0x52, 0x4C, 0x8D, 0x15, 0x19, 0x9D, 0x48, 0x0, 0x4C, 0x87, 0x14, 0x24, 0xC3}));
		ApplyPatch(base, 0x5452B8E, std::to_array<uint8_t>({0x41, 0x57, 0x41, 0x56, 0x41, 0x55, 0x41, 0x54, 0x56, 0x57, 0x55, 0x53, 0x41, 0x56, 0x4C, 0x8D, 0x35, 0xB2, 0xBE, 0xBF, 0xFA, 0x4C, 0x87, 0x34, 0x24, 0xC3}));
		ApplyPatch(base, 0x54557E8, std::to_array<uint8_t>({0x48, 0x8B, 0xD, 0xD9, 0x11, 0x31, 0xFF, 0x48, 0x8B, 0xAC, 0xC1, 0x88, 0x1, 0x0, 0x0, 0x41, 0x54, 0x4C, 0x8D, 0x25, 0x27, 0x76, 0xFD, 0xFB, 0x4C, 0x87, 0x24, 0x24, 0xC3}));
		ApplyPatch(base, 0x54558DB, std::to_array<uint8_t>({0x48, 0x8B, 0x2E, 0x48, 0x8D, 0x15, 0xC4, 0xA6, 0x38, 0xFD, 0x48, 0x8D, 0x3D, 0x1B, 0x8B, 0x38, 0xFD, 0x48, 0x89, 0xF1, 0x49, 0x89, 0xF8, 0x49, 0x89, 0xC1, 0xE9, 0x97, 0x73, 0xFD, 0xFB}));
		ApplyPatch(base, 0x5486429, std::to_array<uint8_t>({0x48, 0x89, 0xF1, 0xBA, 0x6, 0x0, 0x0, 0x0, 0x41, 0xB8, 0x0, 0x30, 0x50, 0x10, 0xE9, 0x28, 0x12, 0x0, 0xFC}));
		ApplyPatch(base, 0x54B1D9F, std::to_array<uint8_t>({0x41, 0xF, 0xB6, 0x45, 0x61, 0x83, 0xF8, 0x1F, 0xF, 0x87, 0x5, 0xAF, 0xF7, 0xFB, 0xE9, 0x4F, 0xF3, 0x56, 0x0}));
		ApplyPatch(base, 0x54B33F2, std::to_array<uint8_t>({0xB8, 0x1, 0x0, 0x0, 0x0, 0xD3, 0xE0, 0x41, 0x9, 0x47, 0x74, 0xE9, 0x3C, 0x9B, 0xF7, 0xFB}));
		ApplyPatch(base, 0x54FEB1D, std::to_array<uint8_t>({0xC6, 0x86, 0x5C, 0xB4, 0x0, 0x0, 0x0, 0x40, 0xB7, 0x1, 0x83, 0xBE, 0x4C, 0xB4, 0x0, 0x0, 0x0, 0xF, 0x85, 0x27, 0x8C, 0xF8, 0xFB, 0xE9, 0x5B, 0x83, 0x3D, 0x0}));
		ApplyPatch(base, 0x55044B0, std::to_array<uint8_t>({0x89, 0xF8, 0x48, 0x83, 0xC4, 0x28, 0x5B, 0x5D, 0x5F, 0x5E, 0x41, 0x5C, 0x41, 0x5D, 0x41, 0x5E, 0x41, 0x5F, 0x48, 0x8D, 0x64, 0x24, 0x8, 0xFF, 0x64, 0x24, 0xF8}));
		ApplyPatch(base, 0x553704B, std::to_array<uint8_t>({0x8B, 0x2D, 0xA3, 0xF9, 0x22, 0xFF, 0x89, 0xE8, 0xF7, 0xD8, 0x39, 0xEB, 0xF7, 0xD5, 0xF, 0x43, 0xE8, 0x1, 0xDD, 0x49, 0x8B, 0x7, 0x4C, 0x89, 0xF9, 0xE9, 0xB5, 0x5B, 0xEF, 0xFB}));
		ApplyPatch(base, 0x554C346, std::to_array<uint8_t>({0x56, 0x57, 0x53, 0x48, 0x83, 0xEC, 0x30, 0x48, 0x89, 0xCE, 0x48, 0x8B, 0x81, 0x48, 0xAA, 0x0, 0x0, 0x8B, 0x0, 0x83, 0xF8, 0x1, 0xF, 0x84, 0x13, 0xB3, 0xF3, 0xFB, 0xE9, 0x80, 0xAA, 0x2A, 0x0}));
		ApplyPatch(base, 0x5552ABF, std::to_array<uint8_t>({0x66, 0x44, 0x89, 0x44, 0x24, 0x4A, 0x66, 0x44, 0x89, 0x4C, 0x24, 0x4C, 0x89, 0xCE, 0x4C, 0x89, 0xE1, 0x49, 0x89, 0xD4, 0x4C, 0x89, 0xEA, 0xE9, 0xF5, 0xA3, 0xED, 0xFB}));
		ApplyPatch(base, 0x558C9FF, std::to_array<uint8_t>({0x83, 0xC8, 0x1, 0x2B, 0x86, 0x60, 0xB4, 0x0, 0x0, 0x39, 0xC8, 0xF, 0x86, 0x40, 0xAD, 0xEF, 0xFB, 0xE9, 0x3F, 0x56, 0x38, 0x0}));
		ApplyPatch(base, 0x55CF87D, std::to_array<uint8_t>({0x41, 0xF, 0xB6, 0x4D, 0x61, 0x49, 0x8B, 0x96, 0x88, 0x7B, 0x0, 0x0, 0x48, 0x8B, 0x52, 0x8, 0x48, 0x8B, 0x18, 0x88, 0x4C, 0x24, 0x38, 0x48, 0x89, 0x54, 0x24, 0x30, 0x89, 0x6C, 0x24, 0x28, 0x48, 0x89, 0x7C, 0x24, 0x20, 0x48, 0xC7, 0x44, 0x24, 0x40, 0x0, 0x0, 0x0, 0x0, 0x48, 0x89, 0xC1, 0xBA, 0x1, 0x0, 0x0, 0x0, 0x41, 0x89, 0xF0, 0x4D, 0x89, 0xF9, 0xE9, 0x51, 0xD4, 0xE5, 0xFB}));
		ApplyPatch(base, 0x55F5915, std::to_array<uint8_t>({0x89, 0xF9, 0xD3, 0xC2, 0x48, 0x89, 0xC5, 0xF3, 0xF, 0x7E, 0x40, 0x8, 0x66, 0xF, 0x6E, 0xCA, 0x66, 0xF, 0x70, 0xC9, 0x50, 0x66, 0xF, 0xDB, 0xC8, 0x66, 0xF, 0xD6, 0x48, 0x8, 0x48, 0x8B, 0x0, 0x48, 0x89, 0xE9, 0xE9, 0x49, 0x76, 0xE3, 0xFB}));
		ApplyPatch(base, 0x55FCF9F, std::to_array<uint8_t>({0xB8, 0xFE, 0xFF, 0xFF, 0xFF, 0xD3, 0xC0, 0x21, 0x46, 0x70, 0xB8, 0xFE, 0xFF, 0xFF, 0xFF, 0xF, 0xB6, 0x4B, 0x61, 0x81, 0xF9, 0xFF, 0x0, 0x0, 0x0, 0xF, 0x84, 0x17, 0x3, 0xE3, 0xFB, 0xE9, 0xB0, 0x85, 0xD9, 0xFF}));
		ApplyPatch(base, 0x5601FDA, std::to_array<uint8_t>({0x48, 0x89, 0xF1, 0xBA, 0x6, 0x0, 0x0, 0x0, 0x41, 0xB8, 0x0, 0x0, 0x30, 0x10, 0xE9, 0xD9, 0x57, 0xE8, 0xFB}));
		ApplyPatch(base, 0x56023D4, std::to_array<uint8_t>({0x49, 0x8B, 0xB6, 0x10, 0x27, 0x0, 0x0, 0x49, 0x8B, 0x45, 0x0, 0x4C, 0x89, 0xE9, 0xE9, 0x8D, 0xA8, 0xE2, 0xFB}));
		ApplyPatch(base, 0x56060BD, std::to_array<uint8_t>({0xF, 0xB6, 0x4B, 0x61, 0x81, 0xF9, 0xFF, 0x0, 0x0, 0x0, 0xF, 0x84, 0x8, 0x72, 0xE2, 0xFB, 0xE9, 0xCD, 0x6E, 0xFF, 0xFF}));
		ApplyPatch(base, 0x565DDC8, std::to_array<uint8_t>({0x31, 0xC0, 0x80, 0xBE, 0xFC, 0xAC, 0x0, 0x0, 0x0, 0xF, 0x94, 0xC0, 0xB9, 0x0, 0x0, 0x50, 0x10, 0x41, 0xB8, 0x0, 0x50, 0x10, 0x10, 0x44, 0xF, 0x44, 0xC1, 0x8D, 0x14, 0xC5, 0x4, 0x0, 0x0, 0x0, 0x48, 0x89, 0xF1, 0x41, 0x50, 0x4C, 0x8D, 0x5, 0xD0, 0x99, 0xE2, 0xFB, 0x4C, 0x87, 0x4, 0x24, 0xC3}));
		ApplyPatch(base, 0x56C0100, std::to_array<uint8_t>({0x84, 0xC0, 0xF, 0x84, 0xCA, 0x76, 0xDC, 0xFB, 0xE9, 0xA3, 0x76, 0xDC, 0xFB}));
		ApplyPatch(base, 0x572A76B, std::to_array<uint8_t>({0x45, 0x84, 0xC9, 0xF, 0x84, 0x55, 0x2A, 0xD0, 0xFB, 0xE9, 0x93, 0x2A, 0xD0, 0xFB}));
		ApplyPatch(base, 0x5739B75, std::to_array<uint8_t>({0xB8, 0x1, 0x0, 0x0, 0x0, 0xD3, 0xE0, 0x9, 0x46, 0x78, 0xE9, 0x51, 0x37, 0xCF, 0xFB}));
		ApplyPatch(base, 0x57AA59E, std::to_array<uint8_t>({0x49, 0x8B, 0x86, 0x88, 0x7B, 0x0, 0x0, 0x48, 0x8B, 0x50, 0x8, 0x49, 0x8B, 0x7, 0x4C, 0x89, 0xF9, 0xE9, 0x4A, 0x2A, 0xC8, 0xFB}));
		ApplyPatch(base, 0x57AECC2, std::to_array<uint8_t>({0x48, 0x89, 0xC2, 0x41, 0xF, 0xB6, 0x47, 0x49, 0x48, 0x83, 0xF8, 0x1F, 0xF, 0x87, 0x51, 0xE1, 0xC7, 0xFB, 0xE9, 0xF, 0x6B, 0xCA, 0xFF}));
		ApplyPatch(base, 0x57AFB80, std::to_array<uint8_t>({0x50, 0x48, 0x8D, 0x5, 0x31, 0xD3, 0xC7, 0xFB, 0x48, 0x87, 0x4, 0x24, 0xC3}));
		ApplyPatch(base, 0x57B059F, std::to_array<uint8_t>({0x85, 0xC0, 0xF, 0x85, 0x6B, 0xC7, 0xC7, 0xFB, 0xE9, 0x39, 0x8C, 0x31, 0xFB}));
		ApplyPatch(base, 0x57C419D, std::to_array<uint8_t>({0x66, 0x41, 0x83, 0x7F, 0xA, 0x0, 0xF, 0x84, 0x9, 0x8B, 0xC6, 0xFB, 0xE9, 0xF1, 0xDB, 0xCE, 0xFF}));
		ApplyPatch(base, 0x57C4444, std::to_array<uint8_t>({0x8B, 0x96, 0x5C, 0xB5, 0x2, 0x0, 0xFF, 0xC2, 0x89, 0x96, 0x5C, 0xB5, 0x2, 0x0, 0x48, 0x89, 0xF1, 0xE9, 0xEF, 0x32, 0xCC, 0xFB}));
		ApplyPatch(base, 0x57EE7C7, std::to_array<uint8_t>({0x41, 0x50, 0x4C, 0x8D, 0x5, 0xFB, 0xE9, 0xC3, 0xFB, 0x4C, 0x87, 0x4, 0x24, 0xC3}));
		ApplyPatch(base, 0x57F4176, std::to_array<uint8_t>({0x49, 0x8B, 0x86, 0x88, 0x7B, 0x0, 0x0, 0x48, 0x8B, 0x48, 0x8, 0x44, 0x8B, 0xD, 0x68, 0x28, 0xF7, 0xFE, 0x48, 0x8B, 0x1, 0x48, 0x8D, 0x15, 0xC9, 0xEB, 0xFE, 0xFC, 0x4C, 0x8D, 0x5, 0x6C, 0x7B, 0x0, 0xFD, 0xE9, 0x1A, 0x8A, 0xC3, 0xFB}));
		ApplyPatch(base, 0x57F6C96, std::to_array<uint8_t>({0x89, 0xC3, 0x8B, 0x5, 0x5A, 0xFD, 0xF6, 0xFE, 0x8B, 0xD, 0x74, 0x8, 0x6A, 0xFD, 0x65, 0x48, 0x8B, 0x14, 0x25, 0x58, 0x0, 0x0, 0x0, 0x48, 0x8B, 0xC, 0xCA, 0x3B, 0x81, 0x34, 0x6, 0x0, 0x0, 0xF, 0x8F, 0x4C, 0x63, 0xC3, 0xFB, 0xE9, 0x43, 0x5F, 0xC3, 0xFB}));
		ApplyPatch(base, 0x57F6DE7, std::to_array<uint8_t>({0x83, 0xF8, 0x3, 0xF, 0x85, 0xE5, 0x8, 0xC9, 0xFB, 0xE9, 0xA3, 0x4D, 0x5E, 0xFC}));
		ApplyPatch(base, 0x57F9156, std::to_array<uint8_t>({0x84, 0xC0, 0xF, 0x85, 0x35, 0x41, 0xC3, 0xFB, 0xE9, 0x9E, 0x7F, 0xC, 0x0}));
		ApplyPatch(base, 0x582E567, std::to_array<uint8_t>({0x49, 0x8B, 0x8E, 0x10, 0x27, 0x0, 0x0, 0x48, 0x8B, 0x1, 0x48, 0x8D, 0x15, 0x54, 0x5F, 0xFB, 0xFC, 0x4C, 0x8D, 0xD, 0xE0, 0xE0, 0xFF, 0xFC, 0x49, 0x89, 0xF8, 0xE9, 0x28, 0xE7, 0xBF, 0xFB}));
		ApplyPatch(base, 0x58313C2, std::to_array<uint8_t>({0x41, 0xF, 0xB6, 0x4D, 0x61, 0x83, 0xF9, 0x1F, 0xF, 0x87, 0x5E, 0xBB, 0xBF, 0xFB, 0xE9, 0x48, 0x2, 0xBB, 0xFF}));
		ApplyPatch(base, 0x5832536, std::to_array<uint8_t>({0x34, 0x1, 0xF, 0xB6, 0xC0, 0x48, 0x8B, 0x75, 0x0, 0x48, 0x89, 0xE9, 0x89, 0xFA, 0x41, 0x89, 0xD8, 0xE9, 0x71, 0xAA, 0xBF, 0xFB}));
		ApplyPatch(base, 0x583A789, std::to_array<uint8_t>({0x49, 0x8B, 0x86, 0x88, 0x7B, 0x0, 0x0, 0x48, 0x8B, 0x48, 0x8, 0x48, 0x85, 0xC9, 0xF, 0x84, 0xE5, 0x25, 0xBF, 0xFB, 0xE9, 0x26, 0x5E, 0x42, 0xFB}));
		ApplyPatch(base, 0x5841B29, std::to_array<uint8_t>({0xF, 0xB6, 0x43, 0x60, 0x48, 0x69, 0xC0, 0xF0, 0xE, 0x0, 0x0, 0x48, 0x8D, 0xC, 0x28, 0x48, 0x81, 0xC1, 0x50, 0xC1, 0x0, 0x0, 0x4C, 0x89, 0xE2, 0x45, 0x89, 0xF8, 0x45, 0x89, 0xF1, 0xE9, 0xF, 0xB7, 0xBE, 0xFB}));
		ApplyPatch(base, 0x58428BB, std::to_array<uint8_t>({0xF, 0xB7, 0x4C, 0x24, 0x4E, 0x45, 0x89, 0xE0, 0x41, 0x89, 0xF1, 0x48, 0x8B, 0x54, 0x24, 0x58, 0x4C, 0x8B, 0x64, 0x24, 0x60, 0x84, 0xC0, 0xF, 0x85, 0x29, 0xA6, 0xBE, 0xFB, 0xE9, 0xDC, 0xA5, 0xBE, 0xFB}));
		ApplyPatch(base, 0x585CB45, std::to_array<uint8_t>({0x49, 0x8B, 0x86, 0x88, 0x7B, 0x0, 0x0, 0x48, 0x8B, 0x48, 0x8, 0x48, 0x8B, 0x1, 0x48, 0x8D, 0x15, 0x87, 0xE0, 0xFB, 0xFC, 0x4C, 0x8D, 0x5, 0x9E, 0xEB, 0xF8, 0xFC, 0xE9, 0x19, 0x2, 0xBD, 0xFB}));
		ApplyPatch(base, 0x586A7A5, std::to_array<uint8_t>({0xC6, 0x44, 0x24, 0x20, 0x1, 0x48, 0x89, 0xD9, 0x4C, 0x89, 0xFA, 0x41, 0x89, 0xC0, 0x41, 0x89, 0xE9, 0xE9, 0x98, 0x24, 0xBC, 0xFB}));
		ApplyPatch(base, 0x587E69F, std::to_array<uint8_t>({0x85, 0xFF, 0x89, 0x74, 0x24, 0x50, 0xF, 0x84, 0xBE, 0xE7, 0xBA, 0xFB, 0xE9, 0xB3, 0xAE, 0x8C, 0xFA}));
		ApplyPatch(base, 0x5895896, std::to_array<uint8_t>({0x41, 0x53, 0x4C, 0x8D, 0x1D, 0x66, 0x73, 0xB9, 0xFB, 0x4C, 0x87, 0x1C, 0x24, 0xC3}));
		ApplyPatch(base, 0x5899D8A, std::to_array<uint8_t>({0x85, 0xC0, 0xF, 0x84, 0x3F, 0x32, 0xB9, 0xFB, 0xE9, 0xF2, 0x12, 0x9F, 0xFA}));
		ApplyPatch(base, 0x58C1101, std::to_array<uint8_t>({0x4C, 0x8D, 0xAD, 0x50, 0xC1, 0x0, 0x0, 0x48, 0x89, 0xE9, 0x48, 0x89, 0xDA, 0xE9, 0x5F, 0xC1, 0xB6, 0xFB}));
		ApplyPatch(base, 0x58D6E94, std::to_array<uint8_t>({0x41, 0x54, 0x4C, 0x8D, 0x25, 0x13, 0x9, 0xBB, 0xFB, 0x4C, 0x87, 0x24, 0x24, 0xC3}));
		ApplyPatch(base, 0x58E8D34, std::to_array<uint8_t>({0x8D, 0x51, 0x1, 0x89, 0x96, 0x28, 0xE6, 0x2, 0x0, 0x48, 0x89, 0x84, 0xCE, 0xD8, 0xE5, 0x2, 0x0, 0xE9, 0xEE, 0xE9, 0xB9, 0xFB}));
		ApplyPatch(base, 0x58F2161, std::to_array<uint8_t>({0x49, 0x8B, 0x17, 0x4C, 0x89, 0xF9, 0x48, 0x85, 0xC0, 0xF, 0x84, 0x54, 0xAB, 0xB3, 0xFB, 0xE9, 0xBB, 0xAA, 0xB3, 0xFB}));
		ApplyPatch(base, 0x58FC64F, std::to_array<uint8_t>({0x48, 0x8B, 0xAF, 0x88, 0x7B, 0x0, 0x0, 0x44, 0x8B, 0xB6, 0x88, 0x0, 0x0, 0x0, 0x44, 0xF, 0xB7, 0x7E, 0xA, 0xF, 0xB6, 0x46, 0x49, 0x48, 0x83, 0xF8, 0x1F, 0xF, 0x87, 0xCA, 0xB, 0xB3, 0xFB, 0xE9, 0x71, 0x5B, 0x45, 0xFC}));
		ApplyPatch(base, 0x5912054, std::to_array<uint8_t>({0x48, 0x89, 0xF1, 0xBA, 0x6, 0x0, 0x0, 0x0, 0x41, 0xB8, 0x0, 0x30, 0x50, 0x10, 0xE9, 0x4D, 0x56, 0xB7, 0xFB}));
		ApplyPatch(base, 0x592F61C, std::to_array<uint8_t>({0x48, 0x8B, 0x44, 0x24, 0x28, 0x48, 0x85, 0xC0, 0xF, 0x84, 0xE, 0x81, 0xB5, 0xFB, 0xE9, 0xA, 0x52, 0x95, 0xFF}));
		ApplyPatch(base, 0x595C9E7, std::to_array<uint8_t>({0x83, 0x3D, 0xA, 0xA0, 0xE0, 0xFE, 0xFF, 0xF, 0x85, 0x11, 0x2, 0xAD, 0xFB, 0xE9, 0x66, 0xDA, 0xE, 0x0}));
		ApplyPatch(base, 0x5960188, std::to_array<uint8_t>({0x41, 0x57, 0x41, 0x56, 0x41, 0x55, 0x41, 0x54, 0x56, 0x57, 0x55, 0x53, 0x48, 0x83, 0xEC, 0x68, 0x4C, 0x89, 0xCF, 0x4D, 0x89, 0xC5, 0x49, 0x89, 0xD7, 0x49, 0x89, 0xCE, 0xC7, 0x44, 0x24, 0x54, 0x0, 0x0, 0x0, 0x0, 0x48, 0x8B, 0x2, 0x4C, 0x8D, 0x44, 0x24, 0x54, 0x48, 0x89, 0xD1, 0x4C, 0x89, 0xEA, 0xE9, 0xA3, 0xC9, 0xAC, 0xFB}));
		ApplyPatch(base, 0x5A1AC71, std::to_array<uint8_t>({0x0, 0xC3, 0x34, 0x1, 0x0, 0xC2, 0xC0, 0xE2, 0x4, 0x8, 0xDA, 0x41, 0x88, 0x94, 0xF, 0x8C, 0x0, 0x0, 0x0, 0x51, 0x48, 0x8D, 0xD, 0x26, 0x20, 0xA1, 0xFB, 0x48, 0x87, 0xC, 0x24, 0xC3}));
		ApplyPatch(base, 0x5A21101, std::to_array<uint8_t>({0x48, 0x89, 0xC1, 0x48, 0xD1, 0xE9, 0x41, 0xF, 0xB6, 0x94, 0xF, 0x8C, 0x0, 0x0, 0x0, 0x89, 0xD3, 0x80, 0xE3, 0xF, 0xC0, 0xEA, 0x4, 0x31, 0xED, 0x80, 0xFB, 0xF, 0x40, 0xF, 0x95, 0xC5, 0x31, 0xFF, 0x80, 0xFA, 0xF, 0x40, 0xF, 0x95, 0xC7, 0x83, 0xE0, 0x1, 0xF, 0x44, 0xEF, 0x40, 0x80, 0xFD, 0x1, 0xF, 0x85, 0x78, 0xBB, 0xA0, 0xFB, 0xE9, 0x32, 0x9B, 0xFF, 0xFF}));
		ApplyPatch(base, 0x5A4A45F, std::to_array<uint8_t>({0x89, 0x1D, 0x8F, 0xC5, 0xD1, 0xFE, 0x48, 0x8D, 0xD, 0x8C, 0xC5, 0xD1, 0xFE, 0xE9, 0xBE, 0x2B, 0x9E, 0xFB}));
		ApplyPatch(base, 0x5A5A350, std::to_array<uint8_t>({0x48, 0x8D, 0xC, 0x49, 0x3, 0x84, 0x8B, 0x10, 0x1, 0x0, 0x0, 0x3B, 0x84, 0x8B, 0x14, 0x1, 0x0, 0x0, 0xF, 0x86, 0x85, 0x2A, 0x9D, 0xFB, 0xE9, 0x88, 0xF4, 0xAF, 0xFA}));
		ApplyPatch(base, 0x5A6732F, std::to_array<uint8_t>({0x8B, 0x86, 0x5C, 0xB5, 0x2, 0x0, 0x48, 0x69, 0xC0, 0xD0, 0x4, 0x0, 0x0, 0x48, 0x8D, 0xC, 0x6, 0x48, 0x81, 0xC1, 0x38, 0xB6, 0x2, 0x0, 0x48, 0x8D, 0x54, 0x24, 0x28, 0xE9, 0xBB, 0x3, 0xA2, 0xFB}));
		ApplyPatch(base, 0x89C5, std::to_array<uint8_t>({0x8B, 0x44, 0x24, 0x50, 0x89, 0x44, 0x24, 0x30, 0x48, 0x89, 0x54, 0x24, 0x28, 0x66, 0x89, 0x4C, 0x24, 0x20, 0x66, 0x89, 0x4C, 0x24, 0x4E, 0x48, 0x89, 0xD9, 0x4C, 0x89, 0x64, 0x24, 0x60, 0x48, 0x89, 0x54, 0x24, 0x58, 0x48, 0x89, 0xEA, 0x45, 0x89, 0xC4, 0x44, 0x89, 0xCE, 0xE9, 0xA4, 0x44, 0x42, 0x1}));
		ApplyPatch(base, 0xD8B5, std::to_array<uint8_t>({0x80, 0xBE, 0x5C, 0xB4, 0x0, 0x0, 0x0, 0xF, 0x84, 0xEE, 0x9E, 0x47, 0x1, 0xE9, 0x62, 0x8B, 0x47, 0x5}));
		ApplyPatch(base, 0x2B3D5, std::to_array<uint8_t>({0xFF, 0x80, 0x68, 0x3, 0x0, 0x0, 0xE9, 0x27, 0x1E, 0x40, 0x1}));
		ApplyPatch(base, 0x4EA55, std::to_array<uint8_t>({0x48, 0x83, 0xEC, 0x28, 0x4C, 0x89, 0xC3, 0x48, 0x89, 0xD6, 0x48, 0x89, 0xCF, 0x41, 0xF, 0xB6, 0x48, 0x61, 0xB8, 0x1, 0x0, 0x0, 0x0, 0xD3, 0xE0, 0x48, 0x81, 0xF9, 0xFF, 0x0, 0x0, 0x0, 0xF, 0x84, 0x48, 0xE7, 0x3D, 0x1, 0xE9, 0xC2, 0xDD, 0x84, 0x1}));
		ApplyPatch(base, 0x53635, std::to_array<uint8_t>({0x49, 0x8B, 0x7, 0x4C, 0x89, 0xF9, 0xE9, 0x4, 0x99, 0x3D, 0x1}));
		ApplyPatch(base, 0x54AC5, std::to_array<uint8_t>({0x49, 0x8B, 0x7, 0x4C, 0x89, 0xF9, 0xE9, 0x0, 0x82, 0x3D, 0x1}));
		ApplyPatch(base, 0x149563, std::to_array<uint8_t>({0x39, 0xC7, 0xF, 0x84, 0x3, 0x39, 0x2E, 0x1, 0xE9, 0x10, 0x66, 0x66, 0x5}));
		ApplyPatch(base, 0x2690A5, std::to_array<uint8_t>({0x49, 0x8B, 0x7, 0x4C, 0x89, 0xF9, 0xE9, 0xA6, 0x3E, 0x1C, 0x1}));
		ApplyPatch(base, 0x28B089, std::to_array<uint8_t>({0x31, 0xDB, 0xE9, 0x0, 0x1F, 0x1A, 0x1}));
		ApplyPatch(base, 0x339505, std::to_array<uint8_t>({0x48, 0x8B, 0x6, 0x48, 0x89, 0xF1, 0xE9, 0xE0, 0x3D, 0xF, 0x1}));
		ApplyPatch(base, 0x34B8D9, std::to_array<uint8_t>({0x31, 0xED, 0xE9, 0x47, 0x15, 0xE, 0x1}));
		ApplyPatch(base, 0x5597F5, std::to_array<uint8_t>({0xFF, 0x83, 0x68, 0x3, 0x0, 0x0, 0xE9, 0x4D, 0x35, 0xED, 0x0}));
		ApplyPatch(base, 0x73FF28, std::to_array<uint8_t>({0x45, 0x31, 0xE4, 0xE9, 0xD, 0xD3, 0xCE, 0x0}));
		ApplyPatch(base, 0x750585, std::to_array<uint8_t>({0x49, 0x8B, 0x7, 0x4C, 0x89, 0xF9, 0xE9, 0xD0, 0xC6, 0xCD, 0x0}));
		ApplyPatch(base, 0x793164, std::to_array<uint8_t>({0x48, 0x8B, 0x8E, 0x38, 0xAA, 0x0, 0x0, 0xE9, 0x37, 0x46, 0xCF, 0x0}));
		ApplyPatch(base, 0xA0F365, std::to_array<uint8_t>({0x49, 0x8B, 0x7, 0x4C, 0x89, 0xF9, 0xE9, 0x67, 0xDC, 0xA1, 0x0}));
		ApplyPatch(base, 0xAC91E5, std::to_array<uint8_t>({0x49, 0x8B, 0x7, 0x4C, 0x89, 0xF9, 0xE9, 0xE1, 0x39, 0x96, 0x0}));
		ApplyPatch(base, 0xC1ADF3, std::to_array<uint8_t>({0x50, 0x48, 0x8D, 0x5, 0xB7, 0x1E, 0x81, 0x0, 0x48, 0x87, 0x4, 0x24, 0xC3}));
		ApplyPatch(base, 0xC605C8, std::to_array<uint8_t>({0x48, 0x8B, 0x1, 0xE9, 0x90, 0xC7, 0x7C, 0x0}));
		ApplyPatch(base, 0xCF78B2, std::to_array<uint8_t>({0x80, 0xF9, 0xFF, 0xF, 0x84, 0x4C, 0x59, 0x73, 0x0, 0xE9, 0x9C, 0x94, 0x56, 0x1}));
		ApplyPatch(base, 0xE8CF52, std::to_array<uint8_t>({0x48, 0x85, 0xC0, 0xF, 0x84, 0x92, 0x0, 0x5A, 0x0, 0xE9, 0x45, 0xC1, 0x3D, 0xFF}));
		ApplyPatch(base, 0xF2C661, std::to_array<uint8_t>({0x4D, 0x8B, 0xA6, 0x88, 0x7B, 0x0, 0x0, 0x48, 0x89, 0xF9, 0xE9, 0x87, 0x7, 0x50, 0x0}));
		ApplyPatch(base, 0x1119D16, std::to_array<uint8_t>({0x89, 0xC6, 0x48, 0x89, 0xF9, 0xE9, 0xE1, 0x30, 0x31, 0x0}));
		ApplyPatch(base, 0x11B3982, std::to_array<uint8_t>({0x48, 0x89, 0xC3, 0x49, 0x8B, 0x7, 0x4C, 0x89, 0xF9, 0xE9, 0xAC, 0x92, 0x27, 0x0}));
		ApplyPatch(base, 0x1215185, std::to_array<uint8_t>({0x49, 0x8B, 0x7, 0x4C, 0x89, 0xF9, 0xE9, 0xFF, 0x79, 0x21, 0x0}));
		ApplyPatch(base, 0x123ACB5, std::to_array<uint8_t>({0x41, 0xF, 0xB6, 0x7D, 0x61, 0xBA, 0xFE, 0xFF, 0xFF, 0xFF, 0x41, 0x55, 0x4C, 0x8D, 0x2D, 0x4D, 0xAC, 0x3B, 0x4, 0x4C, 0x87, 0x2C, 0x24, 0xC3}));
		ApplyPatch(base, 0x125B7D9, std::to_array<uint8_t>({0x41, 0x80, 0x7D, 0x61, 0xFF, 0xF, 0x84, 0xCE, 0x14, 0x1D, 0x0, 0xE9, 0xB, 0x1E, 0xF, 0x4}));
		ApplyPatch(base, 0x12890D4, std::to_array<uint8_t>({0x48, 0x8B, 0x8E, 0x38, 0xAA, 0x0, 0x0, 0xE9, 0x82, 0xE6, 0x1F, 0x0}));
		ApplyPatch(base, 0x128BE42, std::to_array<uint8_t>({0x80, 0xF9, 0xFF, 0xF, 0x84, 0xF3, 0x10, 0x1A, 0x0, 0xE9, 0xA2, 0x75, 0x22, 0x4}));
		ApplyPatch(base, 0x12C4033, std::to_array<uint8_t>({0x39, 0xC3, 0xF, 0x82, 0x55, 0x8F, 0x16, 0x0, 0xE9, 0x91, 0x8F, 0x16, 0x0}));
		ApplyPatch(base, 0x142CB30, std::to_array<uint8_t>({0xE9, 0x53, 0x36, 0x53, 0x4}));
		ApplyPatch(base, 0x142CB3E, std::to_array<uint8_t>({0xE9, 0xB, 0xDB, 0x7A, 0x0}));
		ApplyPatch(base, 0x142CB62, std::to_array<uint8_t>({0xFF, 0x90, 0x68, 0x1, 0x0, 0x0, 0x90, 0xE9, 0x95, 0xD8, 0xE2, 0x0}));
		ApplyPatch(base, 0x142CB8F, std::to_array<uint8_t>({0xFF, 0x90, 0x98, 0x0, 0x0, 0x0, 0x90, 0xE9, 0xDB, 0x75, 0x3C, 0x4}));
		ApplyPatch(base, 0x142CBB8, std::to_array<uint8_t>({0xFF, 0x50, 0x30, 0x90, 0xEB, 0x80, 0xE8, 0xCD, 0x3A, 0xCC, 0xFE, 0x90, 0xE9, 0xD6, 0x39, 0x38, 0x4}));
		ApplyPatch(base, 0x142CBD1, std::to_array<uint8_t>({0xFF, 0x90, 0xE0, 0x0, 0x0, 0x0, 0x89, 0xC6, 0xE8, 0xA2, 0xFC, 0xCF, 0xFE, 0x90, 0xE9, 0xB2, 0xA0, 0x3C, 0x4}));
		ApplyPatch(base, 0x142CC05, std::to_array<uint8_t>({0xE9, 0x41, 0xA4, 0x10, 0x4}));
		ApplyPatch(base, 0x142CC1E, std::to_array<uint8_t>({0xFF, 0x50, 0x50, 0x90, 0xE9, 0x3A, 0x55, 0x4C, 0x4}));
		ApplyPatch(base, 0x142CC30, std::to_array<uint8_t>({0xFF, 0x52, 0x60, 0x90, 0xE9, 0x49, 0x6D, 0xD8, 0xFF}));
		ApplyPatch(base, 0x142CC3C, std::to_array<uint8_t>({0xFF, 0x90, 0xE0, 0x0, 0x0, 0x0, 0x90, 0xE9, 0x5D, 0xDB, 0x43, 0x4}));
		ApplyPatch(base, 0x142CC53, std::to_array<uint8_t>({0xE8, 0x58, 0xEA, 0xFF, 0xFF, 0xEB, 0x70, 0xE9, 0x26, 0x39, 0x32, 0xFF}));
		ApplyPatch(base, 0x142CC60, std::to_array<uint8_t>({0xFF, 0x90, 0x98, 0x0, 0x0, 0x0, 0x90, 0xE9, 0x68, 0x57, 0x1D, 0x4}));
		ApplyPatch(base, 0x142CC74, std::to_array<uint8_t>({0xFF, 0x50, 0x48, 0x90, 0xE9, 0x5E, 0x8C, 0x2, 0x4}));
		ApplyPatch(base, 0x142CC91, std::to_array<uint8_t>({0xFF, 0x55, 0x30, 0x90, 0xE9, 0xCD, 0x18, 0x40, 0x4}));
		ApplyPatch(base, 0x142CCAF, std::to_array<uint8_t>({0xFF, 0x50, 0x30, 0x90, 0xE9, 0xF9, 0x4E, 0xEB, 0x3}));
		ApplyPatch(base, 0x142CCC4, std::to_array<uint8_t>({0xFF, 0x92, 0x58, 0x1, 0x0, 0x0, 0x90, 0xE9, 0xF5, 0x7D, 0xC2, 0xFE, 0xFF, 0x50, 0x60, 0x90, 0xE9, 0xA4, 0x2B, 0x1A, 0x4}));
		ApplyPatch(base, 0x142CD0F, std::to_array<uint8_t>({0xFF, 0x53, 0x8, 0x90, 0xE9, 0x9, 0xDB, 0x5F, 0x0}));
		ApplyPatch(base, 0x142CD1C, std::to_array<uint8_t>({0xE8, 0x6F, 0x39, 0xCC, 0xFE, 0x90, 0xE9, 0xAE, 0x8, 0xEC, 0x3}));
		ApplyPatch(base, 0x142CD4D, std::to_array<uint8_t>({0xE9, 0x37, 0xDA, 0x40, 0x4}));
		ApplyPatch(base, 0x142CD60, std::to_array<uint8_t>({0xFF, 0x50, 0x8, 0x90, 0xE9, 0xDC, 0xFD, 0x42, 0x4}));
		ApplyPatch(base, 0x142CD7F, std::to_array<uint8_t>({0xFF, 0x50, 0x30, 0x90, 0xE9, 0x15, 0x74, 0x39, 0x4, 0xE9, 0x89, 0xCF, 0xCE, 0xFF}));
		ApplyPatch(base, 0x142CDA7, std::to_array<uint8_t>({0xE9, 0x2D, 0xEB, 0xF1, 0xFE}));
		ApplyPatch(base, 0x142CDED, std::to_array<uint8_t>({0xE9, 0x6F, 0xF8, 0xAF, 0xFF}));
		ApplyPatch(base, 0x142CDF7, std::to_array<uint8_t>({0xE8, 0x94, 0x38, 0xCC, 0xFE, 0x90, 0xEB, 0x89}));
		ApplyPatch(base, 0x142CE01, std::to_array<uint8_t>({0xE8, 0x9A, 0xA0, 0x67, 0xFF, 0x90, 0xE9, 0xB6, 0x1E, 0x38, 0x4}));
		ApplyPatch(base, 0x142CE25, std::to_array<uint8_t>({0xEB, 0x80, 0xE9, 0x1D, 0x7B, 0xFC, 0x3}));
		ApplyPatch(base, 0x142CE69, std::to_array<uint8_t>({0xE9, 0x3B, 0xBD, 0x8C, 0x0, 0xE9, 0x52, 0xBB, 0xBD, 0xFE}));
		ApplyPatch(base, 0x142CE9B, std::to_array<uint8_t>({0xE8, 0xE0, 0xA3, 0xFF, 0xFF, 0x90, 0xE9, 0x15, 0x5A, 0x41, 0x4}));
		ApplyPatch(base, 0x142CEB9, std::to_array<uint8_t>({0xE9, 0x1, 0x5C, 0x12, 0x4}));
		ApplyPatch(base, 0x142CED0, std::to_array<uint8_t>({0xE8, 0x2B, 0x22, 0x0, 0x0, 0x90, 0xE9, 0x5B, 0xB3, 0xF3, 0x3}));
		ApplyPatch(base, 0x142CEFC, std::to_array<uint8_t>({0xE8, 0x7F, 0xA3, 0xFF, 0xFF, 0x90, 0xE9, 0xBB, 0x44, 0x40, 0x4}));
		ApplyPatch(base, 0x142CF0D, std::to_array<uint8_t>({0xE9, 0x78, 0xCE, 0x46, 0x4}));
		ApplyPatch(base, 0x142CF2E, std::to_array<uint8_t>({0xE9, 0xF, 0xEF, 0xE5, 0xFF}));
		ApplyPatch(base, 0x142CF3E, std::to_array<uint8_t>({0xE9, 0xF2, 0x66, 0xC2, 0xFE}));
		ApplyPatch(base, 0x142CF44, std::to_array<uint8_t>({0xFF, 0x50, 0x50, 0x90, 0xE9, 0x5, 0x0, 0xA6, 0xFF}));
		ApplyPatch(base, 0x142CF50, std::to_array<uint8_t>({0xE9, 0xDE, 0x70, 0xE9, 0xFF}));
		ApplyPatch(base, 0x142CF56, std::to_array<uint8_t>({0xFF, 0x50, 0x50, 0x90, 0xE9, 0x56, 0xDD, 0xE0, 0xFF}));
		ApplyPatch(base, 0x142CF87, std::to_array<uint8_t>({0xFF, 0x50, 0x20, 0x90, 0xEB, 0x80}));
		ApplyPatch(base, 0x142CF90, std::to_array<uint8_t>({0xE9, 0xE0, 0x34, 0xE5, 0x0}));
		ApplyPatch(base, 0x142CF9B, std::to_array<uint8_t>({0xE8, 0x20, 0xA7, 0xFE, 0xFF, 0x90, 0xE9, 0x5C, 0x4A, 0x2, 0x0}));
		ApplyPatch(base, 0x142CFA9, std::to_array<uint8_t>({0xFF, 0x50, 0x40, 0x90, 0xE9, 0x84, 0x55, 0x40, 0x4}));
		ApplyPatch(base, 0x142CFBD, std::to_array<uint8_t>({0xFF, 0x54, 0xC6, 0x70, 0x90, 0xE9, 0x7E, 0xAF, 0x92, 0x0}));
		ApplyPatch(base, 0x142CFCA, std::to_array<uint8_t>({0xFF, 0x50, 0x20, 0x90, 0xEB, 0x80}));
		ApplyPatch(base, 0x142CFD1, std::to_array<uint8_t>({0xE9, 0x8F, 0x23, 0x5E, 0xFF}));
		ApplyPatch(base, 0x142CFD7, std::to_array<uint8_t>({0xFF, 0x50, 0x60, 0x90, 0xE9, 0x38, 0xE7, 0x8, 0x0}));
		ApplyPatch(base, 0x142CFE8, std::to_array<uint8_t>({0xE8, 0x53, 0x0, 0x0, 0x0, 0x90, 0xE9, 0xAB, 0xD5, 0x37, 0x4, 0xE9, 0xFB, 0xDD, 0x7E, 0xFF}));
		ApplyPatch(base, 0x142CFFE, std::to_array<uint8_t>({0xFF, 0x90, 0x38, 0x2, 0x0, 0x0, 0x90, 0xEB, 0xEC}));
		ApplyPatch(base, 0x142D009, std::to_array<uint8_t>({0xE9, 0x66, 0x4A, 0x1A, 0x0}));
		ApplyPatch(base, 0x142D010, std::to_array<uint8_t>({0xE8, 0xA7, 0xD5, 0xFE, 0x0, 0x90, 0xE9, 0xCC, 0xF9, 0x52, 0x4, 0xE9, 0x76, 0x88, 0x46, 0x4}));
		ApplyPatch(base, 0x142D02F, std::to_array<uint8_t>({0xE8, 0xF0, 0xD5, 0xFE, 0x0, 0x90, 0xEB, 0xE4}));
		ApplyPatch(base, 0x142D190, std::to_array<uint8_t>({0xE9, 0xF9, 0x59, 0x2, 0x4, 0xE9, 0xCF, 0x3, 0x50, 0x0}));
		ApplyPatch(base, 0x142D1BE, std::to_array<uint8_t>({0xE9, 0x65, 0x2D, 0x31, 0xFF, 0xE9, 0x9, 0x36, 0x7B, 0x0}));
		ApplyPatch(base, 0x142D1C9, std::to_array<uint8_t>({0xEB, 0xCA, 0xE9, 0xE0, 0x72, 0xD, 0x4}));
		ApplyPatch(base, 0x142D1DE, std::to_array<uint8_t>({0xE9, 0xCF, 0xA6, 0x8C, 0xFF}));
		ApplyPatch(base, 0x142D1E4, std::to_array<uint8_t>({0xE9, 0x6D, 0xBF, 0x3C, 0x4}));
		ApplyPatch(base, 0x142D207, std::to_array<uint8_t>({0xE9, 0x5F, 0xD5, 0x2F, 0x4, 0xE9, 0x3E, 0xF4, 0x4C, 0x4}));
		ApplyPatch(base, 0x142D23A, std::to_array<uint8_t>({0xEB, 0x82}));
		ApplyPatch(base, 0x142D23D, std::to_array<uint8_t>({0xE9, 0xE7, 0x48, 0x41, 0x4}));
		ApplyPatch(base, 0x142D25C, std::to_array<uint8_t>({0xE8, 0x6F, 0xA3, 0xFF, 0xFF, 0x90, 0xEB, 0x80}));
		ApplyPatch(base, 0x142D272, std::to_array<uint8_t>({0xE8, 0x89, 0x1E, 0x0, 0x0, 0x90, 0xE9, 0x4C, 0x64, 0xF2, 0x3, 0xE9, 0x45, 0x15, 0x3C, 0x4}));
		ApplyPatch(base, 0x142D28E, std::to_array<uint8_t>({0xE8, 0x3D, 0xA3, 0xFF, 0xFF, 0x90, 0xE9, 0x24, 0x8E, 0x1D, 0x4}));
		ApplyPatch(base, 0x142D2D5, std::to_array<uint8_t>({0xE9, 0xBC, 0x96, 0xF3, 0x0}));
		ApplyPatch(base, 0x142D2F0, std::to_array<uint8_t>({0xFF, 0x90, 0x98, 0x0, 0x0, 0x0, 0x90, 0xEB, 0x84}));
		ApplyPatch(base, 0x1451A02, std::to_array<uint8_t>({0x48, 0x8B, 0x45, 0x0, 0x48, 0x89, 0xE9, 0x89, 0xDA, 0xE9, 0x99, 0xB5, 0xFD, 0xFF}));
		ApplyPatch(base, 0x1487620, std::to_array<uint8_t>({0xE9, 0x21, 0x4D, 0xC, 0x4}));
		ApplyPatch(base, 0x1487644, std::to_array<uint8_t>({0xE8, 0x57, 0xC4, 0x0, 0x0, 0x90, 0xE9, 0x66, 0x62, 0xB8, 0xFE}));
		ApplyPatch(base, 0x1487664, std::to_array<uint8_t>({0xE8, 0xB7, 0xEE, 0xFF, 0xFF, 0x90, 0xE9, 0xF1, 0x75, 0xDE, 0x3}));
		ApplyPatch(base, 0x1487675, std::to_array<uint8_t>({0xE9, 0xE6, 0xC7, 0xE6, 0x3}));
		ApplyPatch(base, 0x1487682, std::to_array<uint8_t>({0xE8, 0xF9, 0x51, 0xCA, 0xFE, 0x90, 0xE9, 0xA2, 0xC8, 0xEE, 0x3}));
		ApplyPatch(base, 0x14876B4, std::to_array<uint8_t>({0xE8, 0x67, 0xEE, 0xFF, 0xFF, 0x90, 0xE9, 0x5E, 0x74, 0x7, 0x4}));
		ApplyPatch(base, 0x14876D5, std::to_array<uint8_t>({0xE9, 0xEE, 0x5D, 0xEC, 0x3}));
		ApplyPatch(base, 0x148770C, std::to_array<uint8_t>({0xE8, 0x9F, 0x30, 0x27, 0xFF, 0x90, 0xE9, 0x5, 0x7F, 0x4A, 0x4}));
		ApplyPatch(base, 0x148772F, std::to_array<uint8_t>({0xE9, 0xCC, 0x89, 0x23, 0x4}));
		ApplyPatch(base, 0x1487738, std::to_array<uint8_t>({0xE9, 0x7, 0xCD, 0x33, 0x4}));
		ApplyPatch(base, 0x1487749, std::to_array<uint8_t>({0xE8, 0xD2, 0x94, 0x0, 0x0, 0xEB, 0x60, 0xE9, 0x8C, 0x74, 0xEB, 0x3}));
		ApplyPatch(base, 0x148775B, std::to_array<uint8_t>({0xE9, 0x74, 0x19, 0xE0, 0xFF}));
		ApplyPatch(base, 0x1487762, std::to_array<uint8_t>({0xE8, 0x79, 0xF9, 0x7F, 0x0, 0x90, 0xE9, 0x6F, 0xE1, 0xE3, 0x3}));
		ApplyPatch(base, 0x148778E, std::to_array<uint8_t>({0xE8, 0xED, 0x50, 0xCA, 0xFE, 0x90, 0xE9, 0xF8, 0xB6, 0xE3, 0x3}));
		ApplyPatch(base, 0x14877A7, std::to_array<uint8_t>({0xE8, 0x44, 0xAB, 0x7F, 0x0, 0x90, 0xEB, 0x80}));
		ApplyPatch(base, 0x14877B0, std::to_array<uint8_t>({0xE9, 0xF1, 0x65, 0xDD, 0x0}));
		ApplyPatch(base, 0x14877B8, std::to_array<uint8_t>({0xE9, 0x1D, 0xA8, 0x17, 0x4}));
		ApplyPatch(base, 0x14877C6, std::to_array<uint8_t>({0xE9, 0xA4, 0x7E, 0xDF, 0x0}));
		ApplyPatch(base, 0x14877D2, std::to_array<uint8_t>({0xE9, 0xF1, 0x65, 0x1D, 0x4}));
		ApplyPatch(base, 0x14BB718, std::to_array<uint8_t>({0x45, 0xF, 0xB6, 0x45, 0x61, 0x48, 0x89, 0xC1, 0x4C, 0x89, 0xFA, 0x45, 0x31, 0xC9, 0xE9, 0xBD, 0x18, 0xF7, 0xFF}));
		ApplyPatch(base, 0x15D1A74, std::to_array<uint8_t>({0x48, 0x8D, 0xD, 0x7D, 0x4F, 0x19, 0x3, 0xE9, 0x90, 0xB5, 0xE5, 0xFF}));
		ApplyPatch(base, 0x189C842, std::to_array<uint8_t>({0x23, 0x46, 0x74, 0xF, 0x85, 0x7E, 0x9, 0xB9, 0xFF, 0xE9, 0x73, 0x9, 0xB9, 0xFF}));
		ApplyPatch(base, 0x192D569, std::to_array<uint8_t>({0x31, 0xFF, 0xE9, 0x5B, 0xFC, 0xAF, 0xFF}));
		ApplyPatch(base, 0x1A2A821, std::to_array<uint8_t>({0x49, 0x8B, 0x9E, 0x90, 0x7B, 0x0, 0x0, 0x48, 0x89, 0xF9, 0xE9, 0xEC, 0x24, 0xA0, 0xFF}));
		ApplyPatch(base, 0x1BDA64E, std::to_array<uint8_t>({0x48, 0x89, 0xF9, 0xE9, 0x68, 0x25, 0x85, 0xFF}));
		ApplyPatch(base, 0x1BE07D1, std::to_array<uint8_t>({0x80, 0x7E, 0x4A, 0xFF, 0xF, 0x84, 0x3, 0xCA, 0x84, 0xFF, 0xE9, 0xE9, 0xC9, 0x84, 0xFF}));
		ApplyPatch(base, 0x1CF8BA9, std::to_array<uint8_t>({0x89, 0x43, 0x8, 0x89, 0xC7, 0xE9, 0xBB, 0x42, 0x73, 0xFF}));
		ApplyPatch(base, 0x1D521E6, std::to_array<uint8_t>({0x48, 0x8B, 0xD, 0xDB, 0x47, 0xA1, 0x2, 0x4C, 0x8B, 0xA4, 0xC1, 0x88, 0x1, 0x0, 0x0, 0x41, 0x57, 0x4C, 0x8D, 0x3D, 0x3F, 0xB0, 0x6D, 0xFF, 0x4C, 0x87, 0x3C, 0x24, 0xC3}));
		ApplyPatch(base, 0x1D57F45, std::to_array<uint8_t>({0xFF, 0xC3, 0x48, 0x8B, 0x45, 0x0, 0x48, 0x89, 0xE9, 0xE9, 0x77, 0x50, 0x6D, 0xFF}));
		ApplyPatch(base, 0x1DDBB98, std::to_array<uint8_t>({0x48, 0x89, 0xF1, 0xE9, 0xA4, 0xBA, 0x6A, 0xFF}));
		ApplyPatch(base, 0x225A403, std::to_array<uint8_t>({0x84, 0xC0, 0xF, 0x84, 0x4F, 0x28, 0x1D, 0xFF, 0xE9, 0xC9, 0x13, 0x0, 0xFF}));
		ApplyPatch(base, 0x225DDA6, std::to_array<uint8_t>({0x48, 0x83, 0xC4, 0x30, 0x5B, 0x5F, 0x5E, 0x48, 0x8D, 0x64, 0x24, 0x8, 0xFF, 0x64, 0x24, 0xF8}));
		ApplyPatch(base, 0x2260D5C, std::to_array<uint8_t>({0x48, 0x8B, 0x87, 0x90, 0x7B, 0x0, 0x0, 0x48, 0x8D, 0xC, 0x49, 0x8B, 0x94, 0x88, 0x10, 0x1, 0x0, 0x0, 0x83, 0xC2, 0x12, 0x3B, 0x94, 0x88, 0x14, 0x1, 0x0, 0x0, 0xF, 0x86, 0x8E, 0xC4, 0x1C, 0xFF, 0xE9, 0x52, 0xA6, 0xDC, 0xFD}));
		ApplyPatch(base, 0x227F66F, std::to_array<uint8_t>({0x48, 0x83, 0xC4, 0x30, 0x5B, 0x5F, 0x5E, 0x41, 0x51, 0x4C, 0x8D, 0xD, 0xA1, 0x6E, 0x20, 0xFF, 0x4C, 0x87, 0xC, 0x24, 0xC3}));
		ApplyPatch(base, 0x2280475, std::to_array<uint8_t>({0x48, 0x89, 0xE9, 0x89, 0xDA, 0x41, 0x89, 0xF8, 0x41, 0xB1, 0x1, 0xE9, 0x16, 0xCB, 0x1A, 0xFF}));
		ApplyPatch(base, 0x2366996, std::to_array<uint8_t>({0x48, 0x8B, 0x87, 0x88, 0x7B, 0x0, 0x0, 0x40, 0xB7, 0x1, 0x48, 0x83, 0x78, 0x8, 0x0, 0xF, 0x84, 0x20, 0x68, 0xC, 0xFF, 0xE9, 0x55, 0x2B, 0xFD, 0xFD}));
		ApplyPatch(base, 0x526EC60, std::to_array<uint8_t>({0xC6, 0x86, 0x5C, 0xB4, 0x0, 0x0, 0x0, 0x41, 0x50, 0x4C, 0x8D, 0x5, 0x40, 0x8B, 0x21, 0xFC, 0x4C, 0x87, 0x4, 0x24, 0xC3}));
		ApplyPatch(base, 0x5284839, std::to_array<uint8_t>({0x8B, 0x8E, 0x28, 0xE6, 0x2, 0x0, 0x48, 0x83, 0xF9, 0xE, 0xF, 0x87, 0xEF, 0x2E, 0x20, 0xFC, 0xE9, 0xE6, 0x44, 0x66, 0x0}));
		ApplyPatch(base, 0x52C2E91, std::to_array<uint8_t>({0x83, 0xC8, 0x1, 0x2B, 0x86, 0x54, 0xB4, 0x0, 0x0, 0x39, 0xD8, 0xF, 0x86, 0xE, 0x49, 0x1C, 0xFC, 0xE9, 0xBD, 0x2, 0x4D, 0xFB}));
		ApplyPatch(base, 0x52C58DC, std::to_array<uint8_t>({0x8B, 0x8E, 0x4C, 0xB4, 0x0, 0x0, 0xF3, 0x48, 0xF, 0x2A, 0xC1, 0xF3, 0xF, 0x59, 0x86, 0x50, 0xB4, 0x0, 0x0, 0xF3, 0x48, 0xF, 0x2C, 0xD8, 0x84, 0xC0, 0xF, 0x44, 0xD9, 0x85, 0xDB, 0xF, 0x94, 0xC0, 0x40, 0x8, 0xC7, 0xF, 0x85, 0xA9, 0x1E, 0x1C, 0xFC, 0xE9, 0x82, 0x1E, 0x1C, 0xFC}));
		ApplyPatch(base, 0x52E1BB1, std::to_array<uint8_t>({0x48, 0x83, 0xC4, 0x68, 0x5B, 0x5D, 0x5F, 0x5E, 0x41, 0x5C, 0x41, 0x5D, 0x41, 0x5E, 0x41, 0x5F, 0x48, 0x8D, 0x64, 0x24, 0x8, 0xFF, 0x64, 0x24, 0xF8}));
		ApplyPatch(base, 0x52ED5D5, std::to_array<uint8_t>({0x41, 0xF, 0xB6, 0x4D, 0x61, 0x48, 0x81, 0xF9, 0xFF, 0x0, 0x0, 0x0, 0xF, 0x84, 0x66, 0xF7, 0x13, 0xFC, 0xE9, 0x64, 0xCD, 0x76, 0x0}));
		ApplyPatch(base, 0x52F3E60, std::to_array<uint8_t>({0x80, 0xBE, 0x5C, 0xB4, 0x0, 0x0, 0x0, 0xF, 0x84, 0xE3, 0x38, 0x19, 0xFC, 0xE9, 0x10, 0x38, 0x19, 0xFC}));
		ApplyPatch(base, 0x533EBE1, std::to_array<uint8_t>({0x31, 0xFF, 0x83, 0xBE, 0x4C, 0xB4, 0x0, 0x0, 0x0, 0xF, 0x84, 0xC0, 0x8B, 0x14, 0xFC, 0xE9, 0x66, 0x8B, 0x14, 0xFC}));
		ApplyPatch(base, 0x534D4C8, std::to_array<uint8_t>({0xF, 0xB6, 0x86, 0xFC, 0xAC, 0x0, 0x0, 0x89, 0xC1, 0x80, 0xF1, 0x1, 0x88, 0x8E, 0x8C, 0xE8, 0x1, 0x0, 0x84, 0xC0, 0xF, 0x84, 0xD6, 0xA2, 0x13, 0xFC, 0xE9, 0x48, 0x9E, 0x71, 0x0}));
		ApplyPatch(base, 0x534D5F4, std::to_array<uint8_t>({0x49, 0x8B, 0x86, 0x88, 0x7B, 0x0, 0x0, 0x48, 0x83, 0x78, 0x8, 0x0, 0xF, 0x84, 0xB5, 0xF5, 0xD, 0xFC, 0xE9, 0x7A, 0x7B, 0xEC, 0xFB}));
		ApplyPatch(base, 0x53536C9, std::to_array<uint8_t>({0xF, 0xB6, 0x43, 0x60, 0x48, 0x69, 0xC8, 0xF0, 0xE, 0x0, 0x0, 0x4C, 0x1, 0xE9, 0x4C, 0x89, 0xE2, 0x45, 0x89, 0xF8, 0x45, 0x89, 0xF1, 0xE9, 0xA9, 0x9B, 0xD, 0xFC}));
		ApplyPatch(base, 0x5368236, std::to_array<uint8_t>({0x89, 0x7B, 0x8, 0x8B, 0x44, 0x24, 0x50, 0x89, 0x44, 0x24, 0x30, 0x4C, 0x89, 0x64, 0x24, 0x28, 0x66, 0x89, 0x74, 0x24, 0x20, 0x48, 0x89, 0xD9, 0x48, 0x89, 0xEA, 0x44, 0xF, 0xB7, 0x44, 0x24, 0x4A, 0x44, 0xF, 0xB7, 0x4C, 0x24, 0x4C, 0xE9, 0x9A, 0x4C, 0xC, 0xFC}));
		ApplyPatch(base, 0x5373F2F, std::to_array<uint8_t>({0x8B, 0x8E, 0x64, 0xB4, 0x0, 0x0, 0x85, 0xC9, 0xF, 0x84, 0x13, 0x38, 0x11, 0xFC, 0xE9, 0xBD, 0x8A, 0x21, 0x0}));
		ApplyPatch(base, 0x5395573, std::to_array<uint8_t>({0xD3, 0xC0, 0x21, 0x46, 0x74, 0xF, 0xB6, 0x4B, 0x61, 0x81, 0xF9, 0xFF, 0x0, 0x0, 0x0, 0xF, 0x84, 0x4D, 0x7D, 0x9, 0xFC, 0xE9, 0xE8, 0x45, 0x3A, 0x0}));
		ApplyPatch(base, 0x53E161D, std::to_array<uint8_t>({0x48, 0x89, 0xC8, 0x48, 0xD1, 0xE8, 0xF6, 0xC1, 0x1, 0xB9, 0xF, 0x0, 0x0, 0x0, 0xBA, 0xF0, 0x0, 0x0, 0x0, 0xF, 0x44, 0xD1, 0x41, 0x20, 0x94, 0x7, 0x8C, 0x0, 0x0, 0x0, 0x41, 0xF, 0xB6, 0x4D, 0x61, 0xE9, 0xE9, 0xB8, 0x4, 0xFC}));
		ApplyPatch(base, 0x53F4949, std::to_array<uint8_t>({0x41, 0xF, 0xB7, 0x4F, 0x4E, 0x45, 0xF, 0xB7, 0x47, 0x8, 0x45, 0xF, 0xB7, 0x4F, 0xA, 0x41, 0xF, 0xB6, 0x45, 0x60, 0x48, 0x69, 0xC0, 0xF0, 0xE, 0x0, 0x0, 0x49, 0x8D, 0x1C, 0x4, 0x48, 0x81, 0xC3, 0x50, 0xC1, 0x0, 0x0, 0x41, 0x8B, 0xBC, 0x4, 0x58, 0xC1, 0x0, 0x0, 0x8B, 0x5, 0x73, 0x20, 0x37, 0xFF, 0x41, 0x52, 0x4C, 0x8D, 0x15, 0x19, 0x9D, 0x48, 0x0, 0x4C, 0x87, 0x14, 0x24, 0xC3}));
		ApplyPatch(base, 0x5452B8E, std::to_array<uint8_t>({0x41, 0x57, 0x41, 0x56, 0x41, 0x55, 0x41, 0x54, 0x56, 0x57, 0x55, 0x53, 0x41, 0x56, 0x4C, 0x8D, 0x35, 0xB2, 0xBE, 0xBF, 0xFA, 0x4C, 0x87, 0x34, 0x24, 0xC3}));
		ApplyPatch(base, 0x54557E8, std::to_array<uint8_t>({0x48, 0x8B, 0xD, 0xD9, 0x11, 0x31, 0xFF, 0x48, 0x8B, 0xAC, 0xC1, 0x88, 0x1, 0x0, 0x0, 0x41, 0x54, 0x4C, 0x8D, 0x25, 0x27, 0x76, 0xFD, 0xFB, 0x4C, 0x87, 0x24, 0x24, 0xC3}));
		ApplyPatch(base, 0x54558DB, std::to_array<uint8_t>({0x48, 0x8B, 0x2E, 0x48, 0x8D, 0x15, 0xC4, 0xA6, 0x38, 0xFD, 0x48, 0x8D, 0x3D, 0x1B, 0x8B, 0x38, 0xFD, 0x48, 0x89, 0xF1, 0x49, 0x89, 0xF8, 0x49, 0x89, 0xC1, 0xE9, 0x97, 0x73, 0xFD, 0xFB}));
		ApplyPatch(base, 0x5486429, std::to_array<uint8_t>({0x48, 0x89, 0xF1, 0xBA, 0x6, 0x0, 0x0, 0x0, 0x41, 0xB8, 0x0, 0x30, 0x50, 0x10, 0xE9, 0x28, 0x12, 0x0, 0xFC}));
		ApplyPatch(base, 0x54B1D9F, std::to_array<uint8_t>({0x41, 0xF, 0xB6, 0x45, 0x61, 0x83, 0xF8, 0x1F, 0xF, 0x87, 0x5, 0xAF, 0xF7, 0xFB, 0xE9, 0x4F, 0xF3, 0x56, 0x0}));
		ApplyPatch(base, 0x54B33F2, std::to_array<uint8_t>({0xB8, 0x1, 0x0, 0x0, 0x0, 0xD3, 0xE0, 0x41, 0x9, 0x47, 0x74, 0xE9, 0x3C, 0x9B, 0xF7, 0xFB}));
		ApplyPatch(base, 0x54FEB1D, std::to_array<uint8_t>({0xC6, 0x86, 0x5C, 0xB4, 0x0, 0x0, 0x0, 0x40, 0xB7, 0x1, 0x83, 0xBE, 0x4C, 0xB4, 0x0, 0x0, 0x0, 0xF, 0x85, 0x27, 0x8C, 0xF8, 0xFB, 0xE9, 0x5B, 0x83, 0x3D, 0x0}));
		ApplyPatch(base, 0x55044B0, std::to_array<uint8_t>({0x89, 0xF8, 0x48, 0x83, 0xC4, 0x28, 0x5B, 0x5D, 0x5F, 0x5E, 0x41, 0x5C, 0x41, 0x5D, 0x41, 0x5E, 0x41, 0x5F, 0x48, 0x8D, 0x64, 0x24, 0x8, 0xFF, 0x64, 0x24, 0xF8}));
		ApplyPatch(base, 0x553704B, std::to_array<uint8_t>({0x8B, 0x2D, 0xA3, 0xF9, 0x22, 0xFF, 0x89, 0xE8, 0xF7, 0xD8, 0x39, 0xEB, 0xF7, 0xD5, 0xF, 0x43, 0xE8, 0x1, 0xDD, 0x49, 0x8B, 0x7, 0x4C, 0x89, 0xF9, 0xE9, 0xB5, 0x5B, 0xEF, 0xFB}));
		ApplyPatch(base, 0x554C346, std::to_array<uint8_t>({0x56, 0x57, 0x53, 0x48, 0x83, 0xEC, 0x30, 0x48, 0x89, 0xCE, 0x48, 0x8B, 0x81, 0x48, 0xAA, 0x0, 0x0, 0x8B, 0x0, 0x83, 0xF8, 0x1, 0xF, 0x84, 0x13, 0xB3, 0xF3, 0xFB, 0xE9, 0x80, 0xAA, 0x2A, 0x0}));
		ApplyPatch(base, 0x5552ABF, std::to_array<uint8_t>({0x66, 0x44, 0x89, 0x44, 0x24, 0x4A, 0x66, 0x44, 0x89, 0x4C, 0x24, 0x4C, 0x89, 0xCE, 0x4C, 0x89, 0xE1, 0x49, 0x89, 0xD4, 0x4C, 0x89, 0xEA, 0xE9, 0xF5, 0xA3, 0xED, 0xFB}));
		ApplyPatch(base, 0x558C9FF, std::to_array<uint8_t>({0x83, 0xC8, 0x1, 0x2B, 0x86, 0x60, 0xB4, 0x0, 0x0, 0x39, 0xC8, 0xF, 0x86, 0x40, 0xAD, 0xEF, 0xFB, 0xE9, 0x3F, 0x56, 0x38, 0x0}));
		ApplyPatch(base, 0x55CF87D, std::to_array<uint8_t>({0x41, 0xF, 0xB6, 0x4D, 0x61, 0x49, 0x8B, 0x96, 0x88, 0x7B, 0x0, 0x0, 0x48, 0x8B, 0x52, 0x8, 0x48, 0x8B, 0x18, 0x88, 0x4C, 0x24, 0x38, 0x48, 0x89, 0x54, 0x24, 0x30, 0x89, 0x6C, 0x24, 0x28, 0x48, 0x89, 0x7C, 0x24, 0x20, 0x48, 0xC7, 0x44, 0x24, 0x40, 0x0, 0x0, 0x0, 0x0, 0x48, 0x89, 0xC1, 0xBA, 0x1, 0x0, 0x0, 0x0, 0x41, 0x89, 0xF0, 0x4D, 0x89, 0xF9, 0xE9, 0x51, 0xD4, 0xE5, 0xFB}));
		ApplyPatch(base, 0x55F5915, std::to_array<uint8_t>({0x89, 0xF9, 0xD3, 0xC2, 0x48, 0x89, 0xC5, 0xF3, 0xF, 0x7E, 0x40, 0x8, 0x66, 0xF, 0x6E, 0xCA, 0x66, 0xF, 0x70, 0xC9, 0x50, 0x66, 0xF, 0xDB, 0xC8, 0x66, 0xF, 0xD6, 0x48, 0x8, 0x48, 0x8B, 0x0, 0x48, 0x89, 0xE9, 0xE9, 0x49, 0x76, 0xE3, 0xFB}));
		ApplyPatch(base, 0x55FCF9F, std::to_array<uint8_t>({0xB8, 0xFE, 0xFF, 0xFF, 0xFF, 0xD3, 0xC0, 0x21, 0x46, 0x70, 0xB8, 0xFE, 0xFF, 0xFF, 0xFF, 0xF, 0xB6, 0x4B, 0x61, 0x81, 0xF9, 0xFF, 0x0, 0x0, 0x0, 0xF, 0x84, 0x17, 0x3, 0xE3, 0xFB, 0xE9, 0xB0, 0x85, 0xD9, 0xFF}));
		ApplyPatch(base, 0x5601FDA, std::to_array<uint8_t>({0x48, 0x89, 0xF1, 0xBA, 0x6, 0x0, 0x0, 0x0, 0x41, 0xB8, 0x0, 0x0, 0x30, 0x10, 0xE9, 0xD9, 0x57, 0xE8, 0xFB}));
		ApplyPatch(base, 0x56023D4, std::to_array<uint8_t>({0x49, 0x8B, 0xB6, 0x10, 0x27, 0x0, 0x0, 0x49, 0x8B, 0x45, 0x0, 0x4C, 0x89, 0xE9, 0xE9, 0x8D, 0xA8, 0xE2, 0xFB}));
		ApplyPatch(base, 0x56060BD, std::to_array<uint8_t>({0xF, 0xB6, 0x4B, 0x61, 0x81, 0xF9, 0xFF, 0x0, 0x0, 0x0, 0xF, 0x84, 0x8, 0x72, 0xE2, 0xFB, 0xE9, 0xCD, 0x6E, 0xFF, 0xFF}));
		ApplyPatch(base, 0x565DDC8, std::to_array<uint8_t>({0x31, 0xC0, 0x80, 0xBE, 0xFC, 0xAC, 0x0, 0x0, 0x0, 0xF, 0x94, 0xC0, 0xB9, 0x0, 0x0, 0x50, 0x10, 0x41, 0xB8, 0x0, 0x50, 0x10, 0x10, 0x44, 0xF, 0x44, 0xC1, 0x8D, 0x14, 0xC5, 0x4, 0x0, 0x0, 0x0, 0x48, 0x89, 0xF1, 0x41, 0x50, 0x4C, 0x8D, 0x5, 0xD0, 0x99, 0xE2, 0xFB, 0x4C, 0x87, 0x4, 0x24, 0xC3}));
		ApplyPatch(base, 0x56C0100, std::to_array<uint8_t>({0x84, 0xC0, 0xF, 0x84, 0xCA, 0x76, 0xDC, 0xFB, 0xE9, 0xA3, 0x76, 0xDC, 0xFB}));
		ApplyPatch(base, 0x572A76B, std::to_array<uint8_t>({0x45, 0x84, 0xC9, 0xF, 0x84, 0x55, 0x2A, 0xD0, 0xFB, 0xE9, 0x93, 0x2A, 0xD0, 0xFB}));
		ApplyPatch(base, 0x5739B75, std::to_array<uint8_t>({0xB8, 0x1, 0x0, 0x0, 0x0, 0xD3, 0xE0, 0x9, 0x46, 0x78, 0xE9, 0x51, 0x37, 0xCF, 0xFB}));
		ApplyPatch(base, 0x57AA59E, std::to_array<uint8_t>({0x49, 0x8B, 0x86, 0x88, 0x7B, 0x0, 0x0, 0x48, 0x8B, 0x50, 0x8, 0x49, 0x8B, 0x7, 0x4C, 0x89, 0xF9, 0xE9, 0x4A, 0x2A, 0xC8, 0xFB}));
		ApplyPatch(base, 0x57AECC2, std::to_array<uint8_t>({0x48, 0x89, 0xC2, 0x41, 0xF, 0xB6, 0x47, 0x49, 0x48, 0x83, 0xF8, 0x1F, 0xF, 0x87, 0x51, 0xE1, 0xC7, 0xFB, 0xE9, 0xF, 0x6B, 0xCA, 0xFF}));
		ApplyPatch(base, 0x57AFB80, std::to_array<uint8_t>({0x50, 0x48, 0x8D, 0x5, 0x31, 0xD3, 0xC7, 0xFB, 0x48, 0x87, 0x4, 0x24, 0xC3}));
		ApplyPatch(base, 0x57B059F, std::to_array<uint8_t>({0x85, 0xC0, 0xF, 0x85, 0x6B, 0xC7, 0xC7, 0xFB, 0xE9, 0x39, 0x8C, 0x31, 0xFB}));
		ApplyPatch(base, 0x57C419D, std::to_array<uint8_t>({0x66, 0x41, 0x83, 0x7F, 0xA, 0x0, 0xF, 0x84, 0x9, 0x8B, 0xC6, 0xFB, 0xE9, 0xF1, 0xDB, 0xCE, 0xFF}));
		ApplyPatch(base, 0x57C4444, std::to_array<uint8_t>({0x8B, 0x96, 0x5C, 0xB5, 0x2, 0x0, 0xFF, 0xC2, 0x89, 0x96, 0x5C, 0xB5, 0x2, 0x0, 0x48, 0x89, 0xF1, 0xE9, 0xEF, 0x32, 0xCC, 0xFB}));
		ApplyPatch(base, 0x57EE7C7, std::to_array<uint8_t>({0x41, 0x50, 0x4C, 0x8D, 0x5, 0xFB, 0xE9, 0xC3, 0xFB, 0x4C, 0x87, 0x4, 0x24, 0xC3}));
		ApplyPatch(base, 0x57F4176, std::to_array<uint8_t>({0x49, 0x8B, 0x86, 0x88, 0x7B, 0x0, 0x0, 0x48, 0x8B, 0x48, 0x8, 0x44, 0x8B, 0xD, 0x68, 0x28, 0xF7, 0xFE, 0x48, 0x8B, 0x1, 0x48, 0x8D, 0x15, 0xC9, 0xEB, 0xFE, 0xFC, 0x4C, 0x8D, 0x5, 0x6C, 0x7B, 0x0, 0xFD, 0xE9, 0x1A, 0x8A, 0xC3, 0xFB}));
		ApplyPatch(base, 0x57F6C96, std::to_array<uint8_t>({0x89, 0xC3, 0x8B, 0x5, 0x5A, 0xFD, 0xF6, 0xFE, 0x8B, 0xD, 0x74, 0x8, 0x6A, 0xFD, 0x65, 0x48, 0x8B, 0x14, 0x25, 0x58, 0x0, 0x0, 0x0, 0x48, 0x8B, 0xC, 0xCA, 0x3B, 0x81, 0x34, 0x6, 0x0, 0x0, 0xF, 0x8F, 0x4C, 0x63, 0xC3, 0xFB, 0xE9, 0x43, 0x5F, 0xC3, 0xFB}));
		ApplyPatch(base, 0x57F6DE7, std::to_array<uint8_t>({0x83, 0xF8, 0x3, 0xF, 0x85, 0xE5, 0x8, 0xC9, 0xFB, 0xE9, 0xA3, 0x4D, 0x5E, 0xFC}));
		ApplyPatch(base, 0x57F9156, std::to_array<uint8_t>({0x84, 0xC0, 0xF, 0x85, 0x35, 0x41, 0xC3, 0xFB, 0xE9, 0x9E, 0x7F, 0xC, 0x0}));
		ApplyPatch(base, 0x582E567, std::to_array<uint8_t>({0x49, 0x8B, 0x8E, 0x10, 0x27, 0x0, 0x0, 0x48, 0x8B, 0x1, 0x48, 0x8D, 0x15, 0x54, 0x5F, 0xFB, 0xFC, 0x4C, 0x8D, 0xD, 0xE0, 0xE0, 0xFF, 0xFC, 0x49, 0x89, 0xF8, 0xE9, 0x28, 0xE7, 0xBF, 0xFB}));
		ApplyPatch(base, 0x58313C2, std::to_array<uint8_t>({0x41, 0xF, 0xB6, 0x4D, 0x61, 0x83, 0xF9, 0x1F, 0xF, 0x87, 0x5E, 0xBB, 0xBF, 0xFB, 0xE9, 0x48, 0x2, 0xBB, 0xFF}));
		ApplyPatch(base, 0x5832536, std::to_array<uint8_t>({0x34, 0x1, 0xF, 0xB6, 0xC0, 0x48, 0x8B, 0x75, 0x0, 0x48, 0x89, 0xE9, 0x89, 0xFA, 0x41, 0x89, 0xD8, 0xE9, 0x71, 0xAA, 0xBF, 0xFB}));
		ApplyPatch(base, 0x583A789, std::to_array<uint8_t>({0x49, 0x8B, 0x86, 0x88, 0x7B, 0x0, 0x0, 0x48, 0x8B, 0x48, 0x8, 0x48, 0x85, 0xC9, 0xF, 0x84, 0xE5, 0x25, 0xBF, 0xFB, 0xE9, 0x26, 0x5E, 0x42, 0xFB}));
		ApplyPatch(base, 0x5841B29, std::to_array<uint8_t>({0xF, 0xB6, 0x43, 0x60, 0x48, 0x69, 0xC0, 0xF0, 0xE, 0x0, 0x0, 0x48, 0x8D, 0xC, 0x28, 0x48, 0x81, 0xC1, 0x50, 0xC1, 0x0, 0x0, 0x4C, 0x89, 0xE2, 0x45, 0x89, 0xF8, 0x45, 0x89, 0xF1, 0xE9, 0xF, 0xB7, 0xBE, 0xFB}));
		ApplyPatch(base, 0x58428BB, std::to_array<uint8_t>({0xF, 0xB7, 0x4C, 0x24, 0x4E, 0x45, 0x89, 0xE0, 0x41, 0x89, 0xF1, 0x48, 0x8B, 0x54, 0x24, 0x58, 0x4C, 0x8B, 0x64, 0x24, 0x60, 0x84, 0xC0, 0xF, 0x85, 0x29, 0xA6, 0xBE, 0xFB, 0xE9, 0xDC, 0xA5, 0xBE, 0xFB}));
		ApplyPatch(base, 0x585CB45, std::to_array<uint8_t>({0x49, 0x8B, 0x86, 0x88, 0x7B, 0x0, 0x0, 0x48, 0x8B, 0x48, 0x8, 0x48, 0x8B, 0x1, 0x48, 0x8D, 0x15, 0x87, 0xE0, 0xFB, 0xFC, 0x4C, 0x8D, 0x5, 0x9E, 0xEB, 0xF8, 0xFC, 0xE9, 0x19, 0x2, 0xBD, 0xFB}));
		ApplyPatch(base, 0x586A7A5, std::to_array<uint8_t>({0xC6, 0x44, 0x24, 0x20, 0x1, 0x48, 0x89, 0xD9, 0x4C, 0x89, 0xFA, 0x41, 0x89, 0xC0, 0x41, 0x89, 0xE9, 0xE9, 0x98, 0x24, 0xBC, 0xFB}));
		ApplyPatch(base, 0x587E69F, std::to_array<uint8_t>({0x85, 0xFF, 0x89, 0x74, 0x24, 0x50, 0xF, 0x84, 0xBE, 0xE7, 0xBA, 0xFB, 0xE9, 0xB3, 0xAE, 0x8C, 0xFA}));
		ApplyPatch(base, 0x5895896, std::to_array<uint8_t>({0x41, 0x53, 0x4C, 0x8D, 0x1D, 0x66, 0x73, 0xB9, 0xFB, 0x4C, 0x87, 0x1C, 0x24, 0xC3}));
		ApplyPatch(base, 0x5899D8A, std::to_array<uint8_t>({0x85, 0xC0, 0xF, 0x84, 0x3F, 0x32, 0xB9, 0xFB, 0xE9, 0xF2, 0x12, 0x9F, 0xFA}));
		ApplyPatch(base, 0x58C1101, std::to_array<uint8_t>({0x4C, 0x8D, 0xAD, 0x50, 0xC1, 0x0, 0x0, 0x48, 0x89, 0xE9, 0x48, 0x89, 0xDA, 0xE9, 0x5F, 0xC1, 0xB6, 0xFB}));
		ApplyPatch(base, 0x58D6E94, std::to_array<uint8_t>({0x41, 0x54, 0x4C, 0x8D, 0x25, 0x13, 0x9, 0xBB, 0xFB, 0x4C, 0x87, 0x24, 0x24, 0xC3}));
		ApplyPatch(base, 0x58E8D34, std::to_array<uint8_t>({0x8D, 0x51, 0x1, 0x89, 0x96, 0x28, 0xE6, 0x2, 0x0, 0x48, 0x89, 0x84, 0xCE, 0xD8, 0xE5, 0x2, 0x0, 0xE9, 0xEE, 0xE9, 0xB9, 0xFB}));
		ApplyPatch(base, 0x58F2161, std::to_array<uint8_t>({0x49, 0x8B, 0x17, 0x4C, 0x89, 0xF9, 0x48, 0x85, 0xC0, 0xF, 0x84, 0x54, 0xAB, 0xB3, 0xFB, 0xE9, 0xBB, 0xAA, 0xB3, 0xFB}));
		ApplyPatch(base, 0x58FC64F, std::to_array<uint8_t>({0x48, 0x8B, 0xAF, 0x88, 0x7B, 0x0, 0x0, 0x44, 0x8B, 0xB6, 0x88, 0x0, 0x0, 0x0, 0x44, 0xF, 0xB7, 0x7E, 0xA, 0xF, 0xB6, 0x46, 0x49, 0x48, 0x83, 0xF8, 0x1F, 0xF, 0x87, 0xCA, 0xB, 0xB3, 0xFB, 0xE9, 0x71, 0x5B, 0x45, 0xFC}));
		ApplyPatch(base, 0x5912054, std::to_array<uint8_t>({0x48, 0x89, 0xF1, 0xBA, 0x6, 0x0, 0x0, 0x0, 0x41, 0xB8, 0x0, 0x30, 0x50, 0x10, 0xE9, 0x4D, 0x56, 0xB7, 0xFB}));
		ApplyPatch(base, 0x592F61C, std::to_array<uint8_t>({0x48, 0x8B, 0x44, 0x24, 0x28, 0x48, 0x85, 0xC0, 0xF, 0x84, 0xE, 0x81, 0xB5, 0xFB, 0xE9, 0xA, 0x52, 0x95, 0xFF}));
		ApplyPatch(base, 0x595C9E7, std::to_array<uint8_t>({0x83, 0x3D, 0xA, 0xA0, 0xE0, 0xFE, 0xFF, 0xF, 0x85, 0x11, 0x2, 0xAD, 0xFB, 0xE9, 0x66, 0xDA, 0xE, 0x0}));
		ApplyPatch(base, 0x5960188, std::to_array<uint8_t>({0x41, 0x57, 0x41, 0x56, 0x41, 0x55, 0x41, 0x54, 0x56, 0x57, 0x55, 0x53, 0x48, 0x83, 0xEC, 0x68, 0x4C, 0x89, 0xCF, 0x4D, 0x89, 0xC5, 0x49, 0x89, 0xD7, 0x49, 0x89, 0xCE, 0xC7, 0x44, 0x24, 0x54, 0x0, 0x0, 0x0, 0x0, 0x48, 0x8B, 0x2, 0x4C, 0x8D, 0x44, 0x24, 0x54, 0x48, 0x89, 0xD1, 0x4C, 0x89, 0xEA, 0xE9, 0xA3, 0xC9, 0xAC, 0xFB}));
		ApplyPatch(base, 0x5A1AC71, std::to_array<uint8_t>({0x0, 0xC3, 0x34, 0x1, 0x0, 0xC2, 0xC0, 0xE2, 0x4, 0x8, 0xDA, 0x41, 0x88, 0x94, 0xF, 0x8C, 0x0, 0x0, 0x0, 0x51, 0x48, 0x8D, 0xD, 0x26, 0x20, 0xA1, 0xFB, 0x48, 0x87, 0xC, 0x24, 0xC3}));
		ApplyPatch(base, 0x5A21101, std::to_array<uint8_t>({0x48, 0x89, 0xC1, 0x48, 0xD1, 0xE9, 0x41, 0xF, 0xB6, 0x94, 0xF, 0x8C, 0x0, 0x0, 0x0, 0x89, 0xD3, 0x80, 0xE3, 0xF, 0xC0, 0xEA, 0x4, 0x31, 0xED, 0x80, 0xFB, 0xF, 0x40, 0xF, 0x95, 0xC5, 0x31, 0xFF, 0x80, 0xFA, 0xF, 0x40, 0xF, 0x95, 0xC7, 0x83, 0xE0, 0x1, 0xF, 0x44, 0xEF, 0x40, 0x80, 0xFD, 0x1, 0xF, 0x85, 0x78, 0xBB, 0xA0, 0xFB, 0xE9, 0x32, 0x9B, 0xFF, 0xFF}));
		ApplyPatch(base, 0x5A4A45F, std::to_array<uint8_t>({0x89, 0x1D, 0x8F, 0xC5, 0xD1, 0xFE, 0x48, 0x8D, 0xD, 0x8C, 0xC5, 0xD1, 0xFE, 0xE9, 0xBE, 0x2B, 0x9E, 0xFB}));
		ApplyPatch(base, 0x5A5A350, std::to_array<uint8_t>({0x48, 0x8D, 0xC, 0x49, 0x3, 0x84, 0x8B, 0x10, 0x1, 0x0, 0x0, 0x3B, 0x84, 0x8B, 0x14, 0x1, 0x0, 0x0, 0xF, 0x86, 0x85, 0x2A, 0x9D, 0xFB, 0xE9, 0x88, 0xF4, 0xAF, 0xFA}));
		ApplyPatch(base, 0x5A6732F, std::to_array<uint8_t>({0x8B, 0x86, 0x5C, 0xB5, 0x2, 0x0, 0x48, 0x69, 0xC0, 0xD0, 0x4, 0x0, 0x0, 0x48, 0x8D, 0xC, 0x6, 0x48, 0x81, 0xC1, 0x38, 0xB6, 0x2, 0x0, 0x48, 0x8D, 0x54, 0x24, 0x28, 0xE9, 0xBB, 0x3, 0xA2, 0xFB}));
		ApplyPatch(base, 0x89C5, std::to_array<uint8_t>({0x8B, 0x44, 0x24, 0x50, 0x89, 0x44, 0x24, 0x30, 0x48, 0x89, 0x54, 0x24, 0x28, 0x66, 0x89, 0x4C, 0x24, 0x20, 0x66, 0x89, 0x4C, 0x24, 0x4E, 0x48, 0x89, 0xD9, 0x4C, 0x89, 0x64, 0x24, 0x60, 0x48, 0x89, 0x54, 0x24, 0x58, 0x48, 0x89, 0xEA, 0x45, 0x89, 0xC4, 0x44, 0x89, 0xCE, 0xE9, 0xA4, 0x44, 0x42, 0x1}));
		ApplyPatch(base, 0xD8B5, std::to_array<uint8_t>({0x80, 0xBE, 0x5C, 0xB4, 0x0, 0x0, 0x0, 0xF, 0x84, 0xEE, 0x9E, 0x47, 0x1, 0xE9, 0x62, 0x8B, 0x47, 0x5}));
		ApplyPatch(base, 0x2B3D5, std::to_array<uint8_t>({0xFF, 0x80, 0x68, 0x3, 0x0, 0x0, 0xE9, 0x27, 0x1E, 0x40, 0x1}));
		ApplyPatch(base, 0x4EA55, std::to_array<uint8_t>({0x48, 0x83, 0xEC, 0x28, 0x4C, 0x89, 0xC3, 0x48, 0x89, 0xD6, 0x48, 0x89, 0xCF, 0x41, 0xF, 0xB6, 0x48, 0x61, 0xB8, 0x1, 0x0, 0x0, 0x0, 0xD3, 0xE0, 0x48, 0x81, 0xF9, 0xFF, 0x0, 0x0, 0x0, 0xF, 0x84, 0x48, 0xE7, 0x3D, 0x1, 0xE9, 0xC2, 0xDD, 0x84, 0x1}));
		ApplyPatch(base, 0x53635, std::to_array<uint8_t>({0x49, 0x8B, 0x7, 0x4C, 0x89, 0xF9, 0xE9, 0x4, 0x99, 0x3D, 0x1}));
		ApplyPatch(base, 0x54AC5, std::to_array<uint8_t>({0x49, 0x8B, 0x7, 0x4C, 0x89, 0xF9, 0xE9, 0x0, 0x82, 0x3D, 0x1}));
		ApplyPatch(base, 0x149563, std::to_array<uint8_t>({0x39, 0xC7, 0xF, 0x84, 0x3, 0x39, 0x2E, 0x1, 0xE9, 0x10, 0x66, 0x66, 0x5}));
		ApplyPatch(base, 0x2690A5, std::to_array<uint8_t>({0x49, 0x8B, 0x7, 0x4C, 0x89, 0xF9, 0xE9, 0xA6, 0x3E, 0x1C, 0x1}));
		ApplyPatch(base, 0x28B089, std::to_array<uint8_t>({0x31, 0xDB, 0xE9, 0x0, 0x1F, 0x1A, 0x1}));
		ApplyPatch(base, 0x339505, std::to_array<uint8_t>({0x48, 0x8B, 0x6, 0x48, 0x89, 0xF1, 0xE9, 0xE0, 0x3D, 0xF, 0x1}));
		ApplyPatch(base, 0x34B8D9, std::to_array<uint8_t>({0x31, 0xED, 0xE9, 0x47, 0x15, 0xE, 0x1}));
		ApplyPatch(base, 0x5597F5, std::to_array<uint8_t>({0xFF, 0x83, 0x68, 0x3, 0x0, 0x0, 0xE9, 0x4D, 0x35, 0xED, 0x0}));
		ApplyPatch(base, 0x73FF28, std::to_array<uint8_t>({0x45, 0x31, 0xE4, 0xE9, 0xD, 0xD3, 0xCE, 0x0}));
		ApplyPatch(base, 0x750585, std::to_array<uint8_t>({0x49, 0x8B, 0x7, 0x4C, 0x89, 0xF9, 0xE9, 0xD0, 0xC6, 0xCD, 0x0}));
		ApplyPatch(base, 0x793164, std::to_array<uint8_t>({0x48, 0x8B, 0x8E, 0x38, 0xAA, 0x0, 0x0, 0xE9, 0x37, 0x46, 0xCF, 0x0}));
		ApplyPatch(base, 0xA0F365, std::to_array<uint8_t>({0x49, 0x8B, 0x7, 0x4C, 0x89, 0xF9, 0xE9, 0x67, 0xDC, 0xA1, 0x0}));
		ApplyPatch(base, 0xAC91E5, std::to_array<uint8_t>({0x49, 0x8B, 0x7, 0x4C, 0x89, 0xF9, 0xE9, 0xE1, 0x39, 0x96, 0x0}));
		ApplyPatch(base, 0xC1ADF3, std::to_array<uint8_t>({0x50, 0x48, 0x8D, 0x5, 0xB7, 0x1E, 0x81, 0x0, 0x48, 0x87, 0x4, 0x24, 0xC3}));
		ApplyPatch(base, 0xC605C8, std::to_array<uint8_t>({0x48, 0x8B, 0x1, 0xE9, 0x90, 0xC7, 0x7C, 0x0}));
		ApplyPatch(base, 0xCF78B2, std::to_array<uint8_t>({0x80, 0xF9, 0xFF, 0xF, 0x84, 0x4C, 0x59, 0x73, 0x0, 0xE9, 0x9C, 0x94, 0x56, 0x1}));
		ApplyPatch(base, 0xE8CF52, std::to_array<uint8_t>({0x48, 0x85, 0xC0, 0xF, 0x84, 0x92, 0x0, 0x5A, 0x0, 0xE9, 0x45, 0xC1, 0x3D, 0xFF}));
		ApplyPatch(base, 0xF2C661, std::to_array<uint8_t>({0x4D, 0x8B, 0xA6, 0x88, 0x7B, 0x0, 0x0, 0x48, 0x89, 0xF9, 0xE9, 0x87, 0x7, 0x50, 0x0}));
		ApplyPatch(base, 0x1119D16, std::to_array<uint8_t>({0x89, 0xC6, 0x48, 0x89, 0xF9, 0xE9, 0xE1, 0x30, 0x31, 0x0}));
		ApplyPatch(base, 0x11B3982, std::to_array<uint8_t>({0x48, 0x89, 0xC3, 0x49, 0x8B, 0x7, 0x4C, 0x89, 0xF9, 0xE9, 0xAC, 0x92, 0x27, 0x0}));
		ApplyPatch(base, 0x1215185, std::to_array<uint8_t>({0x49, 0x8B, 0x7, 0x4C, 0x89, 0xF9, 0xE9, 0xFF, 0x79, 0x21, 0x0}));
		ApplyPatch(base, 0x123ACB5, std::to_array<uint8_t>({0x41, 0xF, 0xB6, 0x7D, 0x61, 0xBA, 0xFE, 0xFF, 0xFF, 0xFF, 0x41, 0x55, 0x4C, 0x8D, 0x2D, 0x4D, 0xAC, 0x3B, 0x4, 0x4C, 0x87, 0x2C, 0x24, 0xC3}));
		ApplyPatch(base, 0x125B7D9, std::to_array<uint8_t>({0x41, 0x80, 0x7D, 0x61, 0xFF, 0xF, 0x84, 0xCE, 0x14, 0x1D, 0x0, 0xE9, 0xB, 0x1E, 0xF, 0x4}));
		ApplyPatch(base, 0x12890D4, std::to_array<uint8_t>({0x48, 0x8B, 0x8E, 0x38, 0xAA, 0x0, 0x0, 0xE9, 0x82, 0xE6, 0x1F, 0x0}));
		ApplyPatch(base, 0x128BE42, std::to_array<uint8_t>({0x80, 0xF9, 0xFF, 0xF, 0x84, 0xF3, 0x10, 0x1A, 0x0, 0xE9, 0xA2, 0x75, 0x22, 0x4}));
		ApplyPatch(base, 0x12C4033, std::to_array<uint8_t>({0x39, 0xC3, 0xF, 0x82, 0x55, 0x8F, 0x16, 0x0, 0xE9, 0x91, 0x8F, 0x16, 0x0}));
		ApplyPatch(base, 0x142CB30, std::to_array<uint8_t>({0xE9, 0x53, 0x36, 0x53, 0x4}));
		ApplyPatch(base, 0x142CB3E, std::to_array<uint8_t>({0xE9, 0xB, 0xDB, 0x7A, 0x0}));
		ApplyPatch(base, 0x142CB62, std::to_array<uint8_t>({0xFF, 0x90, 0x68, 0x1, 0x0, 0x0, 0x90, 0xE9, 0x95, 0xD8, 0xE2, 0x0}));
		ApplyPatch(base, 0x142CB8F, std::to_array<uint8_t>({0xFF, 0x90, 0x98, 0x0, 0x0, 0x0, 0x90, 0xE9, 0xDB, 0x75, 0x3C, 0x4}));
		ApplyPatch(base, 0x142CBB8, std::to_array<uint8_t>({0xFF, 0x50, 0x30, 0x90, 0xEB, 0x80, 0xE8, 0xCD, 0x3A, 0xCC, 0xFE, 0x90, 0xE9, 0xD6, 0x39, 0x38, 0x4}));
		ApplyPatch(base, 0x142CBD1, std::to_array<uint8_t>({0xFF, 0x90, 0xE0, 0x0, 0x0, 0x0, 0x89, 0xC6, 0xE8, 0xA2, 0xFC, 0xCF, 0xFE, 0x90, 0xE9, 0xB2, 0xA0, 0x3C, 0x4}));
		ApplyPatch(base, 0x142CC05, std::to_array<uint8_t>({0xE9, 0x41, 0xA4, 0x10, 0x4}));
		ApplyPatch(base, 0x142CC1E, std::to_array<uint8_t>({0xFF, 0x50, 0x50, 0x90, 0xE9, 0x3A, 0x55, 0x4C, 0x4}));
		ApplyPatch(base, 0x142CC30, std::to_array<uint8_t>({0xFF, 0x52, 0x60, 0x90, 0xE9, 0x49, 0x6D, 0xD8, 0xFF}));
		ApplyPatch(base, 0x142CC3C, std::to_array<uint8_t>({0xFF, 0x90, 0xE0, 0x0, 0x0, 0x0, 0x90, 0xE9, 0x5D, 0xDB, 0x43, 0x4}));
		ApplyPatch(base, 0x142CC53, std::to_array<uint8_t>({0xE8, 0x58, 0xEA, 0xFF, 0xFF, 0xEB, 0x70, 0xE9, 0x26, 0x39, 0x32, 0xFF}));
		ApplyPatch(base, 0x142CC60, std::to_array<uint8_t>({0xFF, 0x90, 0x98, 0x0, 0x0, 0x0, 0x90, 0xE9, 0x68, 0x57, 0x1D, 0x4}));
		ApplyPatch(base, 0x142CC74, std::to_array<uint8_t>({0xFF, 0x50, 0x48, 0x90, 0xE9, 0x5E, 0x8C, 0x2, 0x4}));
		ApplyPatch(base, 0x142CC91, std::to_array<uint8_t>({0xFF, 0x55, 0x30, 0x90, 0xE9, 0xCD, 0x18, 0x40, 0x4}));
		ApplyPatch(base, 0x142CCAF, std::to_array<uint8_t>({0xFF, 0x50, 0x30, 0x90, 0xE9, 0xF9, 0x4E, 0xEB, 0x3}));
		ApplyPatch(base, 0x142CCC4, std::to_array<uint8_t>({0xFF, 0x92, 0x58, 0x1, 0x0, 0x0, 0x90, 0xE9, 0xF5, 0x7D, 0xC2, 0xFE, 0xFF, 0x50, 0x60, 0x90, 0xE9, 0xA4, 0x2B, 0x1A, 0x4}));
		ApplyPatch(base, 0x142CD0F, std::to_array<uint8_t>({0xFF, 0x53, 0x8, 0x90, 0xE9, 0x9, 0xDB, 0x5F, 0x0}));
		ApplyPatch(base, 0x142CD1C, std::to_array<uint8_t>({0xE8, 0x6F, 0x39, 0xCC, 0xFE, 0x90, 0xE9, 0xAE, 0x8, 0xEC, 0x3}));
		ApplyPatch(base, 0x142CD4D, std::to_array<uint8_t>({0xE9, 0x37, 0xDA, 0x40, 0x4}));
		ApplyPatch(base, 0x142CD60, std::to_array<uint8_t>({0xFF, 0x50, 0x8, 0x90, 0xE9, 0xDC, 0xFD, 0x42, 0x4}));
		ApplyPatch(base, 0x142CD7F, std::to_array<uint8_t>({0xFF, 0x50, 0x30, 0x90, 0xE9, 0x15, 0x74, 0x39, 0x4, 0xE9, 0x89, 0xCF, 0xCE, 0xFF}));
		ApplyPatch(base, 0x142CDA7, std::to_array<uint8_t>({0xE9, 0x2D, 0xEB, 0xF1, 0xFE}));
		ApplyPatch(base, 0x142CDED, std::to_array<uint8_t>({0xE9, 0x6F, 0xF8, 0xAF, 0xFF}));
		ApplyPatch(base, 0x142CDF7, std::to_array<uint8_t>({0xE8, 0x94, 0x38, 0xCC, 0xFE, 0x90, 0xEB, 0x89}));
		ApplyPatch(base, 0x142CE01, std::to_array<uint8_t>({0xE8, 0x9A, 0xA0, 0x67, 0xFF, 0x90, 0xE9, 0xB6, 0x1E, 0x38, 0x4}));
		ApplyPatch(base, 0x142CE25, std::to_array<uint8_t>({0xEB, 0x80, 0xE9, 0x1D, 0x7B, 0xFC, 0x3}));
		ApplyPatch(base, 0x142CE69, std::to_array<uint8_t>({0xE9, 0x3B, 0xBD, 0x8C, 0x0, 0xE9, 0x52, 0xBB, 0xBD, 0xFE}));
		ApplyPatch(base, 0x142CE9B, std::to_array<uint8_t>({0xE8, 0xE0, 0xA3, 0xFF, 0xFF, 0x90, 0xE9, 0x15, 0x5A, 0x41, 0x4}));
		ApplyPatch(base, 0x142CEB9, std::to_array<uint8_t>({0xE9, 0x1, 0x5C, 0x12, 0x4}));
		ApplyPatch(base, 0x142CED0, std::to_array<uint8_t>({0xE8, 0x2B, 0x22, 0x0, 0x0, 0x90, 0xE9, 0x5B, 0xB3, 0xF3, 0x3}));
		ApplyPatch(base, 0x142CEFC, std::to_array<uint8_t>({0xE8, 0x7F, 0xA3, 0xFF, 0xFF, 0x90, 0xE9, 0xBB, 0x44, 0x40, 0x4}));
		ApplyPatch(base, 0x142CF0D, std::to_array<uint8_t>({0xE9, 0x78, 0xCE, 0x46, 0x4}));
		ApplyPatch(base, 0x142CF2E, std::to_array<uint8_t>({0xE9, 0xF, 0xEF, 0xE5, 0xFF}));
		ApplyPatch(base, 0x142CF3E, std::to_array<uint8_t>({0xE9, 0xF2, 0x66, 0xC2, 0xFE}));
		ApplyPatch(base, 0x142CF44, std::to_array<uint8_t>({0xFF, 0x50, 0x50, 0x90, 0xE9, 0x5, 0x0, 0xA6, 0xFF}));
		ApplyPatch(base, 0x142CF50, std::to_array<uint8_t>({0xE9, 0xDE, 0x70, 0xE9, 0xFF}));
		ApplyPatch(base, 0x142CF56, std::to_array<uint8_t>({0xFF, 0x50, 0x50, 0x90, 0xE9, 0x56, 0xDD, 0xE0, 0xFF}));
		ApplyPatch(base, 0x142CF87, std::to_array<uint8_t>({0xFF, 0x50, 0x20, 0x90, 0xEB, 0x80}));
		ApplyPatch(base, 0x142CF90, std::to_array<uint8_t>({0xE9, 0xE0, 0x34, 0xE5, 0x0}));
		ApplyPatch(base, 0x142CF9B, std::to_array<uint8_t>({0xE8, 0x20, 0xA7, 0xFE, 0xFF, 0x90, 0xE9, 0x5C, 0x4A, 0x2, 0x0}));
		ApplyPatch(base, 0x142CFA9, std::to_array<uint8_t>({0xFF, 0x50, 0x40, 0x90, 0xE9, 0x84, 0x55, 0x40, 0x4}));
		ApplyPatch(base, 0x142CFBD, std::to_array<uint8_t>({0xFF, 0x54, 0xC6, 0x70, 0x90, 0xE9, 0x7E, 0xAF, 0x92, 0x0}));
		ApplyPatch(base, 0x142CFCA, std::to_array<uint8_t>({0xFF, 0x50, 0x20, 0x90, 0xEB, 0x80}));
		ApplyPatch(base, 0x142CFD1, std::to_array<uint8_t>({0xE9, 0x8F, 0x23, 0x5E, 0xFF}));
		ApplyPatch(base, 0x142CFD7, std::to_array<uint8_t>({0xFF, 0x50, 0x60, 0x90, 0xE9, 0x38, 0xE7, 0x8, 0x0}));
		ApplyPatch(base, 0x142CFE8, std::to_array<uint8_t>({0xE8, 0x53, 0x0, 0x0, 0x0, 0x90, 0xE9, 0xAB, 0xD5, 0x37, 0x4, 0xE9, 0xFB, 0xDD, 0x7E, 0xFF}));
		ApplyPatch(base, 0x142CFFE, std::to_array<uint8_t>({0xFF, 0x90, 0x38, 0x2, 0x0, 0x0, 0x90, 0xEB, 0xEC}));
		ApplyPatch(base, 0x142D009, std::to_array<uint8_t>({0xE9, 0x66, 0x4A, 0x1A, 0x0}));
		ApplyPatch(base, 0x142D010, std::to_array<uint8_t>({0xE8, 0xA7, 0xD5, 0xFE, 0x0, 0x90, 0xE9, 0xCC, 0xF9, 0x52, 0x4, 0xE9, 0x76, 0x88, 0x46, 0x4}));
		ApplyPatch(base, 0x142D02F, std::to_array<uint8_t>({0xE8, 0xF0, 0xD5, 0xFE, 0x0, 0x90, 0xEB, 0xE4}));
		ApplyPatch(base, 0x142D190, std::to_array<uint8_t>({0xE9, 0xF9, 0x59, 0x2, 0x4, 0xE9, 0xCF, 0x3, 0x50, 0x0}));
		ApplyPatch(base, 0x142D1BE, std::to_array<uint8_t>({0xE9, 0x65, 0x2D, 0x31, 0xFF, 0xE9, 0x9, 0x36, 0x7B, 0x0}));
		ApplyPatch(base, 0x142D1C9, std::to_array<uint8_t>({0xEB, 0xCA, 0xE9, 0xE0, 0x72, 0xD, 0x4}));
		ApplyPatch(base, 0x142D1DE, std::to_array<uint8_t>({0xE9, 0xCF, 0xA6, 0x8C, 0xFF}));
		ApplyPatch(base, 0x142D1E4, std::to_array<uint8_t>({0xE9, 0x6D, 0xBF, 0x3C, 0x4}));
		ApplyPatch(base, 0x142D207, std::to_array<uint8_t>({0xE9, 0x5F, 0xD5, 0x2F, 0x4, 0xE9, 0x3E, 0xF4, 0x4C, 0x4}));
		ApplyPatch(base, 0x142D23A, std::to_array<uint8_t>({0xEB, 0x82}));
		ApplyPatch(base, 0x142D23D, std::to_array<uint8_t>({0xE9, 0xE7, 0x48, 0x41, 0x4}));
		ApplyPatch(base, 0x142D25C, std::to_array<uint8_t>({0xE8, 0x6F, 0xA3, 0xFF, 0xFF, 0x90, 0xEB, 0x80}));
		ApplyPatch(base, 0x142D272, std::to_array<uint8_t>({0xE8, 0x89, 0x1E, 0x0, 0x0, 0x90, 0xE9, 0x4C, 0x64, 0xF2, 0x3, 0xE9, 0x45, 0x15, 0x3C, 0x4}));
		ApplyPatch(base, 0x142D28E, std::to_array<uint8_t>({0xE8, 0x3D, 0xA3, 0xFF, 0xFF, 0x90, 0xE9, 0x24, 0x8E, 0x1D, 0x4}));
		ApplyPatch(base, 0x142D2D5, std::to_array<uint8_t>({0xE9, 0xBC, 0x96, 0xF3, 0x0}));
		ApplyPatch(base, 0x142D2F0, std::to_array<uint8_t>({0xFF, 0x90, 0x98, 0x0, 0x0, 0x0, 0x90, 0xEB, 0x84}));
		ApplyPatch(base, 0x1451A02, std::to_array<uint8_t>({0x48, 0x8B, 0x45, 0x0, 0x48, 0x89, 0xE9, 0x89, 0xDA, 0xE9, 0x99, 0xB5, 0xFD, 0xFF}));
		ApplyPatch(base, 0x1487620, std::to_array<uint8_t>({0xE9, 0x21, 0x4D, 0xC, 0x4}));
		ApplyPatch(base, 0x1487644, std::to_array<uint8_t>({0xE8, 0x57, 0xC4, 0x0, 0x0, 0x90, 0xE9, 0x66, 0x62, 0xB8, 0xFE}));
		ApplyPatch(base, 0x1487664, std::to_array<uint8_t>({0xE8, 0xB7, 0xEE, 0xFF, 0xFF, 0x90, 0xE9, 0xF1, 0x75, 0xDE, 0x3}));
		ApplyPatch(base, 0x1487675, std::to_array<uint8_t>({0xE9, 0xE6, 0xC7, 0xE6, 0x3}));
		ApplyPatch(base, 0x1487682, std::to_array<uint8_t>({0xE8, 0xF9, 0x51, 0xCA, 0xFE, 0x90, 0xE9, 0xA2, 0xC8, 0xEE, 0x3}));
		ApplyPatch(base, 0x14876B4, std::to_array<uint8_t>({0xE8, 0x67, 0xEE, 0xFF, 0xFF, 0x90, 0xE9, 0x5E, 0x74, 0x7, 0x4}));
		ApplyPatch(base, 0x14876D5, std::to_array<uint8_t>({0xE9, 0xEE, 0x5D, 0xEC, 0x3}));
		ApplyPatch(base, 0x148770C, std::to_array<uint8_t>({0xE8, 0x9F, 0x30, 0x27, 0xFF, 0x90, 0xE9, 0x5, 0x7F, 0x4A, 0x4}));
		ApplyPatch(base, 0x148772F, std::to_array<uint8_t>({0xE9, 0xCC, 0x89, 0x23, 0x4}));
		ApplyPatch(base, 0x1487738, std::to_array<uint8_t>({0xE9, 0x7, 0xCD, 0x33, 0x4}));
		ApplyPatch(base, 0x1487749, std::to_array<uint8_t>({0xE8, 0xD2, 0x94, 0x0, 0x0, 0xEB, 0x60, 0xE9, 0x8C, 0x74, 0xEB, 0x3}));
		ApplyPatch(base, 0x148775B, std::to_array<uint8_t>({0xE9, 0x74, 0x19, 0xE0, 0xFF}));
		ApplyPatch(base, 0x1487762, std::to_array<uint8_t>({0xE8, 0x79, 0xF9, 0x7F, 0x0, 0x90, 0xE9, 0x6F, 0xE1, 0xE3, 0x3}));
		ApplyPatch(base, 0x148778E, std::to_array<uint8_t>({0xE8, 0xED, 0x50, 0xCA, 0xFE, 0x90, 0xE9, 0xF8, 0xB6, 0xE3, 0x3}));
		ApplyPatch(base, 0x14877A7, std::to_array<uint8_t>({0xE8, 0x44, 0xAB, 0x7F, 0x0, 0x90, 0xEB, 0x80}));
		ApplyPatch(base, 0x14877B0, std::to_array<uint8_t>({0xE9, 0xF1, 0x65, 0xDD, 0x0}));
		ApplyPatch(base, 0x14877B8, std::to_array<uint8_t>({0xE9, 0x1D, 0xA8, 0x17, 0x4}));
		ApplyPatch(base, 0x14877C6, std::to_array<uint8_t>({0xE9, 0xA4, 0x7E, 0xDF, 0x0}));
		ApplyPatch(base, 0x14877D2, std::to_array<uint8_t>({0xE9, 0xF1, 0x65, 0x1D, 0x4}));
		ApplyPatch(base, 0x14BB718, std::to_array<uint8_t>({0x45, 0xF, 0xB6, 0x45, 0x61, 0x48, 0x89, 0xC1, 0x4C, 0x89, 0xFA, 0x45, 0x31, 0xC9, 0xE9, 0xBD, 0x18, 0xF7, 0xFF}));
		ApplyPatch(base, 0x15D1A74, std::to_array<uint8_t>({0x48, 0x8D, 0xD, 0x7D, 0x4F, 0x19, 0x3, 0xE9, 0x90, 0xB5, 0xE5, 0xFF}));
		ApplyPatch(base, 0x189C842, std::to_array<uint8_t>({0x23, 0x46, 0x74, 0xF, 0x85, 0x7E, 0x9, 0xB9, 0xFF, 0xE9, 0x73, 0x9, 0xB9, 0xFF}));
		ApplyPatch(base, 0x192D569, std::to_array<uint8_t>({0x31, 0xFF, 0xE9, 0x5B, 0xFC, 0xAF, 0xFF}));
		ApplyPatch(base, 0x1A2A821, std::to_array<uint8_t>({0x49, 0x8B, 0x9E, 0x90, 0x7B, 0x0, 0x0, 0x48, 0x89, 0xF9, 0xE9, 0xEC, 0x24, 0xA0, 0xFF}));
		ApplyPatch(base, 0x1BDA64E, std::to_array<uint8_t>({0x48, 0x89, 0xF9, 0xE9, 0x68, 0x25, 0x85, 0xFF}));
		ApplyPatch(base, 0x1BE07D1, std::to_array<uint8_t>({0x80, 0x7E, 0x4A, 0xFF, 0xF, 0x84, 0x3, 0xCA, 0x84, 0xFF, 0xE9, 0xE9, 0xC9, 0x84, 0xFF}));
		ApplyPatch(base, 0x1CF8BA9, std::to_array<uint8_t>({0x89, 0x43, 0x8, 0x89, 0xC7, 0xE9, 0xBB, 0x42, 0x73, 0xFF}));
		ApplyPatch(base, 0x1D521E6, std::to_array<uint8_t>({0x48, 0x8B, 0xD, 0xDB, 0x47, 0xA1, 0x2, 0x4C, 0x8B, 0xA4, 0xC1, 0x88, 0x1, 0x0, 0x0, 0x41, 0x57, 0x4C, 0x8D, 0x3D, 0x3F, 0xB0, 0x6D, 0xFF, 0x4C, 0x87, 0x3C, 0x24, 0xC3}));
		ApplyPatch(base, 0x1D57F45, std::to_array<uint8_t>({0xFF, 0xC3, 0x48, 0x8B, 0x45, 0x0, 0x48, 0x89, 0xE9, 0xE9, 0x77, 0x50, 0x6D, 0xFF}));
		ApplyPatch(base, 0x1DDBB98, std::to_array<uint8_t>({0x48, 0x89, 0xF1, 0xE9, 0xA4, 0xBA, 0x6A, 0xFF}));
		ApplyPatch(base, 0x225A403, std::to_array<uint8_t>({0x84, 0xC0, 0xF, 0x84, 0x4F, 0x28, 0x1D, 0xFF, 0xE9, 0xC9, 0x13, 0x0, 0xFF}));
		ApplyPatch(base, 0x225DDA6, std::to_array<uint8_t>({0x48, 0x83, 0xC4, 0x30, 0x5B, 0x5F, 0x5E, 0x48, 0x8D, 0x64, 0x24, 0x8, 0xFF, 0x64, 0x24, 0xF8}));
		ApplyPatch(base, 0x2260D5C, std::to_array<uint8_t>({0x48, 0x8B, 0x87, 0x90, 0x7B, 0x0, 0x0, 0x48, 0x8D, 0xC, 0x49, 0x8B, 0x94, 0x88, 0x10, 0x1, 0x0, 0x0, 0x83, 0xC2, 0x12, 0x3B, 0x94, 0x88, 0x14, 0x1, 0x0, 0x0, 0xF, 0x86, 0x8E, 0xC4, 0x1C, 0xFF, 0xE9, 0x52, 0xA6, 0xDC, 0xFD}));
		ApplyPatch(base, 0x227F66F, std::to_array<uint8_t>({0x48, 0x83, 0xC4, 0x30, 0x5B, 0x5F, 0x5E, 0x41, 0x51, 0x4C, 0x8D, 0xD, 0xA1, 0x6E, 0x20, 0xFF, 0x4C, 0x87, 0xC, 0x24, 0xC3}));
		ApplyPatch(base, 0x2280475, std::to_array<uint8_t>({0x48, 0x89, 0xE9, 0x89, 0xDA, 0x41, 0x89, 0xF8, 0x41, 0xB1, 0x1, 0xE9, 0x16, 0xCB, 0x1A, 0xFF}));
		ApplyPatch(base, 0x2366996, std::to_array<uint8_t>({0x48, 0x8B, 0x87, 0x88, 0x7B, 0x0, 0x0, 0x40, 0xB7, 0x1, 0x48, 0x83, 0x78, 0x8, 0x0, 0xF, 0x84, 0x20, 0x68, 0xC, 0xFF, 0xE9, 0x55, 0x2B, 0xFD, 0xFD}));
		ApplyPatch(base, 0x526EC60, std::to_array<uint8_t>({0xC6, 0x86, 0x5C, 0xB4, 0x0, 0x0, 0x0, 0x41, 0x50, 0x4C, 0x8D, 0x5, 0x40, 0x8B, 0x21, 0xFC, 0x4C, 0x87, 0x4, 0x24, 0xC3}));
		ApplyPatch(base, 0x5284839, std::to_array<uint8_t>({0x8B, 0x8E, 0x28, 0xE6, 0x2, 0x0, 0x48, 0x83, 0xF9, 0xE, 0xF, 0x87, 0xEF, 0x2E, 0x20, 0xFC, 0xE9, 0xE6, 0x44, 0x66, 0x0}));
		ApplyPatch(base, 0x52C2E91, std::to_array<uint8_t>({0x83, 0xC8, 0x1, 0x2B, 0x86, 0x54, 0xB4, 0x0, 0x0, 0x39, 0xD8, 0xF, 0x86, 0xE, 0x49, 0x1C, 0xFC, 0xE9, 0xBD, 0x2, 0x4D, 0xFB}));
		ApplyPatch(base, 0x52C58DC, std::to_array<uint8_t>({0x8B, 0x8E, 0x4C, 0xB4, 0x0, 0x0, 0xF3, 0x48, 0xF, 0x2A, 0xC1, 0xF3, 0xF, 0x59, 0x86, 0x50, 0xB4, 0x0, 0x0, 0xF3, 0x48, 0xF, 0x2C, 0xD8, 0x84, 0xC0, 0xF, 0x44, 0xD9, 0x85, 0xDB, 0xF, 0x94, 0xC0, 0x40, 0x8, 0xC7, 0xF, 0x85, 0xA9, 0x1E, 0x1C, 0xFC, 0xE9, 0x82, 0x1E, 0x1C, 0xFC}));
		ApplyPatch(base, 0x52E1BB1, std::to_array<uint8_t>({0x48, 0x83, 0xC4, 0x68, 0x5B, 0x5D, 0x5F, 0x5E, 0x41, 0x5C, 0x41, 0x5D, 0x41, 0x5E, 0x41, 0x5F, 0x48, 0x8D, 0x64, 0x24, 0x8, 0xFF, 0x64, 0x24, 0xF8}));
		ApplyPatch(base, 0x52ED5D5, std::to_array<uint8_t>({0x41, 0xF, 0xB6, 0x4D, 0x61, 0x48, 0x81, 0xF9, 0xFF, 0x0, 0x0, 0x0, 0xF, 0x84, 0x66, 0xF7, 0x13, 0xFC, 0xE9, 0x64, 0xCD, 0x76, 0x0}));
		ApplyPatch(base, 0x52F3E60, std::to_array<uint8_t>({0x80, 0xBE, 0x5C, 0xB4, 0x0, 0x0, 0x0, 0xF, 0x84, 0xE3, 0x38, 0x19, 0xFC, 0xE9, 0x10, 0x38, 0x19, 0xFC}));
		ApplyPatch(base, 0x533EBE1, std::to_array<uint8_t>({0x31, 0xFF, 0x83, 0xBE, 0x4C, 0xB4, 0x0, 0x0, 0x0, 0xF, 0x84, 0xC0, 0x8B, 0x14, 0xFC, 0xE9, 0x66, 0x8B, 0x14, 0xFC}));
		ApplyPatch(base, 0x534D4C8, std::to_array<uint8_t>({0xF, 0xB6, 0x86, 0xFC, 0xAC, 0x0, 0x0, 0x89, 0xC1, 0x80, 0xF1, 0x1, 0x88, 0x8E, 0x8C, 0xE8, 0x1, 0x0, 0x84, 0xC0, 0xF, 0x84, 0xD6, 0xA2, 0x13, 0xFC, 0xE9, 0x48, 0x9E, 0x71, 0x0}));
		ApplyPatch(base, 0x534D5F4, std::to_array<uint8_t>({0x49, 0x8B, 0x86, 0x88, 0x7B, 0x0, 0x0, 0x48, 0x83, 0x78, 0x8, 0x0, 0xF, 0x84, 0xB5, 0xF5, 0xD, 0xFC, 0xE9, 0x7A, 0x7B, 0xEC, 0xFB}));
		ApplyPatch(base, 0x53536C9, std::to_array<uint8_t>({0xF, 0xB6, 0x43, 0x60, 0x48, 0x69, 0xC8, 0xF0, 0xE, 0x0, 0x0, 0x4C, 0x1, 0xE9, 0x4C, 0x89, 0xE2, 0x45, 0x89, 0xF8, 0x45, 0x89, 0xF1, 0xE9, 0xA9, 0x9B, 0xD, 0xFC}));
		ApplyPatch(base, 0x5368236, std::to_array<uint8_t>({0x89, 0x7B, 0x8, 0x8B, 0x44, 0x24, 0x50, 0x89, 0x44, 0x24, 0x30, 0x4C, 0x89, 0x64, 0x24, 0x28, 0x66, 0x89, 0x74, 0x24, 0x20, 0x48, 0x89, 0xD9, 0x48, 0x89, 0xEA, 0x44, 0xF, 0xB7, 0x44, 0x24, 0x4A, 0x44, 0xF, 0xB7, 0x4C, 0x24, 0x4C, 0xE9, 0x9A, 0x4C, 0xC, 0xFC}));
		ApplyPatch(base, 0x5373F2F, std::to_array<uint8_t>({0x8B, 0x8E, 0x64, 0xB4, 0x0, 0x0, 0x85, 0xC9, 0xF, 0x84, 0x13, 0x38, 0x11, 0xFC, 0xE9, 0xBD, 0x8A, 0x21, 0x0}));
		ApplyPatch(base, 0x5395573, std::to_array<uint8_t>({0xD3, 0xC0, 0x21, 0x46, 0x74, 0xF, 0xB6, 0x4B, 0x61, 0x81, 0xF9, 0xFF, 0x0, 0x0, 0x0, 0xF, 0x84, 0x4D, 0x7D, 0x9, 0xFC, 0xE9, 0xE8, 0x45, 0x3A, 0x0}));
		ApplyPatch(base, 0x53E161D, std::to_array<uint8_t>({0x48, 0x89, 0xC8, 0x48, 0xD1, 0xE8, 0xF6, 0xC1, 0x1, 0xB9, 0xF, 0x0, 0x0, 0x0, 0xBA, 0xF0, 0x0, 0x0, 0x0, 0xF, 0x44, 0xD1, 0x41, 0x20, 0x94, 0x7, 0x8C, 0x0, 0x0, 0x0, 0x41, 0xF, 0xB6, 0x4D, 0x61, 0xE9, 0xE9, 0xB8, 0x4, 0xFC}));
		ApplyPatch(base, 0x53F4949, std::to_array<uint8_t>({0x41, 0xF, 0xB7, 0x4F, 0x4E, 0x45, 0xF, 0xB7, 0x47, 0x8, 0x45, 0xF, 0xB7, 0x4F, 0xA, 0x41, 0xF, 0xB6, 0x45, 0x60, 0x48, 0x69, 0xC0, 0xF0, 0xE, 0x0, 0x0, 0x49, 0x8D, 0x1C, 0x4, 0x48, 0x81, 0xC3, 0x50, 0xC1, 0x0, 0x0, 0x41, 0x8B, 0xBC, 0x4, 0x58, 0xC1, 0x0, 0x0, 0x8B, 0x5, 0x73, 0x20, 0x37, 0xFF, 0x41, 0x52, 0x4C, 0x8D, 0x15, 0x19, 0x9D, 0x48, 0x0, 0x4C, 0x87, 0x14, 0x24, 0xC3}));
		ApplyPatch(base, 0x5452B8E, std::to_array<uint8_t>({0x41, 0x57, 0x41, 0x56, 0x41, 0x55, 0x41, 0x54, 0x56, 0x57, 0x55, 0x53, 0x41, 0x56, 0x4C, 0x8D, 0x35, 0xB2, 0xBE, 0xBF, 0xFA, 0x4C, 0x87, 0x34, 0x24, 0xC3}));
		ApplyPatch(base, 0x54557E8, std::to_array<uint8_t>({0x48, 0x8B, 0xD, 0xD9, 0x11, 0x31, 0xFF, 0x48, 0x8B, 0xAC, 0xC1, 0x88, 0x1, 0x0, 0x0, 0x41, 0x54, 0x4C, 0x8D, 0x25, 0x27, 0x76, 0xFD, 0xFB, 0x4C, 0x87, 0x24, 0x24, 0xC3}));
		ApplyPatch(base, 0x54558DB, std::to_array<uint8_t>({0x48, 0x8B, 0x2E, 0x48, 0x8D, 0x15, 0xC4, 0xA6, 0x38, 0xFD, 0x48, 0x8D, 0x3D, 0x1B, 0x8B, 0x38, 0xFD, 0x48, 0x89, 0xF1, 0x49, 0x89, 0xF8, 0x49, 0x89, 0xC1, 0xE9, 0x97, 0x73, 0xFD, 0xFB}));
		ApplyPatch(base, 0x5486429, std::to_array<uint8_t>({0x48, 0x89, 0xF1, 0xBA, 0x6, 0x0, 0x0, 0x0, 0x41, 0xB8, 0x0, 0x30, 0x50, 0x10, 0xE9, 0x28, 0x12, 0x0, 0xFC}));
		ApplyPatch(base, 0x54B1D9F, std::to_array<uint8_t>({0x41, 0xF, 0xB6, 0x45, 0x61, 0x83, 0xF8, 0x1F, 0xF, 0x87, 0x5, 0xAF, 0xF7, 0xFB, 0xE9, 0x4F, 0xF3, 0x56, 0x0}));
		ApplyPatch(base, 0x54B33F2, std::to_array<uint8_t>({0xB8, 0x1, 0x0, 0x0, 0x0, 0xD3, 0xE0, 0x41, 0x9, 0x47, 0x74, 0xE9, 0x3C, 0x9B, 0xF7, 0xFB}));
		ApplyPatch(base, 0x54FEB1D, std::to_array<uint8_t>({0xC6, 0x86, 0x5C, 0xB4, 0x0, 0x0, 0x0, 0x40, 0xB7, 0x1, 0x83, 0xBE, 0x4C, 0xB4, 0x0, 0x0, 0x0, 0xF, 0x85, 0x27, 0x8C, 0xF8, 0xFB, 0xE9, 0x5B, 0x83, 0x3D, 0x0}));
		ApplyPatch(base, 0x55044B0, std::to_array<uint8_t>({0x89, 0xF8, 0x48, 0x83, 0xC4, 0x28, 0x5B, 0x5D, 0x5F, 0x5E, 0x41, 0x5C, 0x41, 0x5D, 0x41, 0x5E, 0x41, 0x5F, 0x48, 0x8D, 0x64, 0x24, 0x8, 0xFF, 0x64, 0x24, 0xF8}));
		ApplyPatch(base, 0x553704B, std::to_array<uint8_t>({0x8B, 0x2D, 0xA3, 0xF9, 0x22, 0xFF, 0x89, 0xE8, 0xF7, 0xD8, 0x39, 0xEB, 0xF7, 0xD5, 0xF, 0x43, 0xE8, 0x1, 0xDD, 0x49, 0x8B, 0x7, 0x4C, 0x89, 0xF9, 0xE9, 0xB5, 0x5B, 0xEF, 0xFB}));
		ApplyPatch(base, 0x554C346, std::to_array<uint8_t>({0x56, 0x57, 0x53, 0x48, 0x83, 0xEC, 0x30, 0x48, 0x89, 0xCE, 0x48, 0x8B, 0x81, 0x48, 0xAA, 0x0, 0x0, 0x8B, 0x0, 0x83, 0xF8, 0x1, 0xF, 0x84, 0x13, 0xB3, 0xF3, 0xFB, 0xE9, 0x80, 0xAA, 0x2A, 0x0}));
		ApplyPatch(base, 0x5552ABF, std::to_array<uint8_t>({0x66, 0x44, 0x89, 0x44, 0x24, 0x4A, 0x66, 0x44, 0x89, 0x4C, 0x24, 0x4C, 0x89, 0xCE, 0x4C, 0x89, 0xE1, 0x49, 0x89, 0xD4, 0x4C, 0x89, 0xEA, 0xE9, 0xF5, 0xA3, 0xED, 0xFB}));
		ApplyPatch(base, 0x558C9FF, std::to_array<uint8_t>({0x83, 0xC8, 0x1, 0x2B, 0x86, 0x60, 0xB4, 0x0, 0x0, 0x39, 0xC8, 0xF, 0x86, 0x40, 0xAD, 0xEF, 0xFB, 0xE9, 0x3F, 0x56, 0x38, 0x0}));
		ApplyPatch(base, 0x55CF87D, std::to_array<uint8_t>({0x41, 0xF, 0xB6, 0x4D, 0x61, 0x49, 0x8B, 0x96, 0x88, 0x7B, 0x0, 0x0, 0x48, 0x8B, 0x52, 0x8, 0x48, 0x8B, 0x18, 0x88, 0x4C, 0x24, 0x38, 0x48, 0x89, 0x54, 0x24, 0x30, 0x89, 0x6C, 0x24, 0x28, 0x48, 0x89, 0x7C, 0x24, 0x20, 0x48, 0xC7, 0x44, 0x24, 0x40, 0x0, 0x0, 0x0, 0x0, 0x48, 0x89, 0xC1, 0xBA, 0x1, 0x0, 0x0, 0x0, 0x41, 0x89, 0xF0, 0x4D, 0x89, 0xF9, 0xE9, 0x51, 0xD4, 0xE5, 0xFB}));
		ApplyPatch(base, 0x55F5915, std::to_array<uint8_t>({0x89, 0xF9, 0xD3, 0xC2, 0x48, 0x89, 0xC5, 0xF3, 0xF, 0x7E, 0x40, 0x8, 0x66, 0xF, 0x6E, 0xCA, 0x66, 0xF, 0x70, 0xC9, 0x50, 0x66, 0xF, 0xDB, 0xC8, 0x66, 0xF, 0xD6, 0x48, 0x8, 0x48, 0x8B, 0x0, 0x48, 0x89, 0xE9, 0xE9, 0x49, 0x76, 0xE3, 0xFB}));
		ApplyPatch(base, 0x55FCF9F, std::to_array<uint8_t>({0xB8, 0xFE, 0xFF, 0xFF, 0xFF, 0xD3, 0xC0, 0x21, 0x46, 0x70, 0xB8, 0xFE, 0xFF, 0xFF, 0xFF, 0xF, 0xB6, 0x4B, 0x61, 0x81, 0xF9, 0xFF, 0x0, 0x0, 0x0, 0xF, 0x84, 0x17, 0x3, 0xE3, 0xFB, 0xE9, 0xB0, 0x85, 0xD9, 0xFF}));
		ApplyPatch(base, 0x5601FDA, std::to_array<uint8_t>({0x48, 0x89, 0xF1, 0xBA, 0x6, 0x0, 0x0, 0x0, 0x41, 0xB8, 0x0, 0x0, 0x30, 0x10, 0xE9, 0xD9, 0x57, 0xE8, 0xFB}));
		ApplyPatch(base, 0x56023D4, std::to_array<uint8_t>({0x49, 0x8B, 0xB6, 0x10, 0x27, 0x0, 0x0, 0x49, 0x8B, 0x45, 0x0, 0x4C, 0x89, 0xE9, 0xE9, 0x8D, 0xA8, 0xE2, 0xFB}));
		ApplyPatch(base, 0x56060BD, std::to_array<uint8_t>({0xF, 0xB6, 0x4B, 0x61, 0x81, 0xF9, 0xFF, 0x0, 0x0, 0x0, 0xF, 0x84, 0x8, 0x72, 0xE2, 0xFB, 0xE9, 0xCD, 0x6E, 0xFF, 0xFF}));
		ApplyPatch(base, 0x565DDC8, std::to_array<uint8_t>({0x31, 0xC0, 0x80, 0xBE, 0xFC, 0xAC, 0x0, 0x0, 0x0, 0xF, 0x94, 0xC0, 0xB9, 0x0, 0x0, 0x50, 0x10, 0x41, 0xB8, 0x0, 0x50, 0x10, 0x10, 0x44, 0xF, 0x44, 0xC1, 0x8D, 0x14, 0xC5, 0x4, 0x0, 0x0, 0x0, 0x48, 0x89, 0xF1, 0x41, 0x50, 0x4C, 0x8D, 0x5, 0xD0, 0x99, 0xE2, 0xFB, 0x4C, 0x87, 0x4, 0x24, 0xC3}));
		ApplyPatch(base, 0x56C0100, std::to_array<uint8_t>({0x84, 0xC0, 0xF, 0x84, 0xCA, 0x76, 0xDC, 0xFB, 0xE9, 0xA3, 0x76, 0xDC, 0xFB}));
		ApplyPatch(base, 0x572A76B, std::to_array<uint8_t>({0x45, 0x84, 0xC9, 0xF, 0x84, 0x55, 0x2A, 0xD0, 0xFB, 0xE9, 0x93, 0x2A, 0xD0, 0xFB}));
		ApplyPatch(base, 0x5739B75, std::to_array<uint8_t>({0xB8, 0x1, 0x0, 0x0, 0x0, 0xD3, 0xE0, 0x9, 0x46, 0x78, 0xE9, 0x51, 0x37, 0xCF, 0xFB}));
		ApplyPatch(base, 0x57AA59E, std::to_array<uint8_t>({0x49, 0x8B, 0x86, 0x88, 0x7B, 0x0, 0x0, 0x48, 0x8B, 0x50, 0x8, 0x49, 0x8B, 0x7, 0x4C, 0x89, 0xF9, 0xE9, 0x4A, 0x2A, 0xC8, 0xFB}));
		ApplyPatch(base, 0x57AECC2, std::to_array<uint8_t>({0x48, 0x89, 0xC2, 0x41, 0xF, 0xB6, 0x47, 0x49, 0x48, 0x83, 0xF8, 0x1F, 0xF, 0x87, 0x51, 0xE1, 0xC7, 0xFB, 0xE9, 0xF, 0x6B, 0xCA, 0xFF}));
		ApplyPatch(base, 0x57AFB80, std::to_array<uint8_t>({0x50, 0x48, 0x8D, 0x5, 0x31, 0xD3, 0xC7, 0xFB, 0x48, 0x87, 0x4, 0x24, 0xC3}));
		ApplyPatch(base, 0x57B059F, std::to_array<uint8_t>({0x85, 0xC0, 0xF, 0x85, 0x6B, 0xC7, 0xC7, 0xFB, 0xE9, 0x39, 0x8C, 0x31, 0xFB}));
		ApplyPatch(base, 0x57C419D, std::to_array<uint8_t>({0x66, 0x41, 0x83, 0x7F, 0xA, 0x0, 0xF, 0x84, 0x9, 0x8B, 0xC6, 0xFB, 0xE9, 0xF1, 0xDB, 0xCE, 0xFF}));
		ApplyPatch(base, 0x57C4444, std::to_array<uint8_t>({0x8B, 0x96, 0x5C, 0xB5, 0x2, 0x0, 0xFF, 0xC2, 0x89, 0x96, 0x5C, 0xB5, 0x2, 0x0, 0x48, 0x89, 0xF1, 0xE9, 0xEF, 0x32, 0xCC, 0xFB}));
		ApplyPatch(base, 0x57EE7C7, std::to_array<uint8_t>({0x41, 0x50, 0x4C, 0x8D, 0x5, 0xFB, 0xE9, 0xC3, 0xFB, 0x4C, 0x87, 0x4, 0x24, 0xC3}));
		ApplyPatch(base, 0x57F4176, std::to_array<uint8_t>({0x49, 0x8B, 0x86, 0x88, 0x7B, 0x0, 0x0, 0x48, 0x8B, 0x48, 0x8, 0x44, 0x8B, 0xD, 0x68, 0x28, 0xF7, 0xFE, 0x48, 0x8B, 0x1, 0x48, 0x8D, 0x15, 0xC9, 0xEB, 0xFE, 0xFC, 0x4C, 0x8D, 0x5, 0x6C, 0x7B, 0x0, 0xFD, 0xE9, 0x1A, 0x8A, 0xC3, 0xFB}));
		ApplyPatch(base, 0x57F6C96, std::to_array<uint8_t>({0x89, 0xC3, 0x8B, 0x5, 0x5A, 0xFD, 0xF6, 0xFE, 0x8B, 0xD, 0x74, 0x8, 0x6A, 0xFD, 0x65, 0x48, 0x8B, 0x14, 0x25, 0x58, 0x0, 0x0, 0x0, 0x48, 0x8B, 0xC, 0xCA, 0x3B, 0x81, 0x34, 0x6, 0x0, 0x0, 0xF, 0x8F, 0x4C, 0x63, 0xC3, 0xFB, 0xE9, 0x43, 0x5F, 0xC3, 0xFB}));
		ApplyPatch(base, 0x57F6DE7, std::to_array<uint8_t>({0x83, 0xF8, 0x3, 0xF, 0x85, 0xE5, 0x8, 0xC9, 0xFB, 0xE9, 0xA3, 0x4D, 0x5E, 0xFC}));
		ApplyPatch(base, 0x57F9156, std::to_array<uint8_t>({0x84, 0xC0, 0xF, 0x85, 0x35, 0x41, 0xC3, 0xFB, 0xE9, 0x9E, 0x7F, 0xC, 0x0}));
		ApplyPatch(base, 0x582E567, std::to_array<uint8_t>({0x49, 0x8B, 0x8E, 0x10, 0x27, 0x0, 0x0, 0x48, 0x8B, 0x1, 0x48, 0x8D, 0x15, 0x54, 0x5F, 0xFB, 0xFC, 0x4C, 0x8D, 0xD, 0xE0, 0xE0, 0xFF, 0xFC, 0x49, 0x89, 0xF8, 0xE9, 0x28, 0xE7, 0xBF, 0xFB}));
		ApplyPatch(base, 0x58313C2, std::to_array<uint8_t>({0x41, 0xF, 0xB6, 0x4D, 0x61, 0x83, 0xF9, 0x1F, 0xF, 0x87, 0x5E, 0xBB, 0xBF, 0xFB, 0xE9, 0x48, 0x2, 0xBB, 0xFF}));
		ApplyPatch(base, 0x5832536, std::to_array<uint8_t>({0x34, 0x1, 0xF, 0xB6, 0xC0, 0x48, 0x8B, 0x75, 0x0, 0x48, 0x89, 0xE9, 0x89, 0xFA, 0x41, 0x89, 0xD8, 0xE9, 0x71, 0xAA, 0xBF, 0xFB}));
		ApplyPatch(base, 0x583A789, std::to_array<uint8_t>({0x49, 0x8B, 0x86, 0x88, 0x7B, 0x0, 0x0, 0x48, 0x8B, 0x48, 0x8, 0x48, 0x85, 0xC9, 0xF, 0x84, 0xE5, 0x25, 0xBF, 0xFB, 0xE9, 0x26, 0x5E, 0x42, 0xFB}));
		ApplyPatch(base, 0x5841B29, std::to_array<uint8_t>({0xF, 0xB6, 0x43, 0x60, 0x48, 0x69, 0xC0, 0xF0, 0xE, 0x0, 0x0, 0x48, 0x8D, 0xC, 0x28, 0x48, 0x81, 0xC1, 0x50, 0xC1, 0x0, 0x0, 0x4C, 0x89, 0xE2, 0x45, 0x89, 0xF8, 0x45, 0x89, 0xF1, 0xE9, 0xF, 0xB7, 0xBE, 0xFB}));
		ApplyPatch(base, 0x58428BB, std::to_array<uint8_t>({0xF, 0xB7, 0x4C, 0x24, 0x4E, 0x45, 0x89, 0xE0, 0x41, 0x89, 0xF1, 0x48, 0x8B, 0x54, 0x24, 0x58, 0x4C, 0x8B, 0x64, 0x24, 0x60, 0x84, 0xC0, 0xF, 0x85, 0x29, 0xA6, 0xBE, 0xFB, 0xE9, 0xDC, 0xA5, 0xBE, 0xFB}));
		ApplyPatch(base, 0x585CB45, std::to_array<uint8_t>({0x49, 0x8B, 0x86, 0x88, 0x7B, 0x0, 0x0, 0x48, 0x8B, 0x48, 0x8, 0x48, 0x8B, 0x1, 0x48, 0x8D, 0x15, 0x87, 0xE0, 0xFB, 0xFC, 0x4C, 0x8D, 0x5, 0x9E, 0xEB, 0xF8, 0xFC, 0xE9, 0x19, 0x2, 0xBD, 0xFB}));
		ApplyPatch(base, 0x586A7A5, std::to_array<uint8_t>({0xC6, 0x44, 0x24, 0x20, 0x1, 0x48, 0x89, 0xD9, 0x4C, 0x89, 0xFA, 0x41, 0x89, 0xC0, 0x41, 0x89, 0xE9, 0xE9, 0x98, 0x24, 0xBC, 0xFB}));
		ApplyPatch(base, 0x587E69F, std::to_array<uint8_t>({0x85, 0xFF, 0x89, 0x74, 0x24, 0x50, 0xF, 0x84, 0xBE, 0xE7, 0xBA, 0xFB, 0xE9, 0xB3, 0xAE, 0x8C, 0xFA}));
		ApplyPatch(base, 0x5895896, std::to_array<uint8_t>({0x41, 0x53, 0x4C, 0x8D, 0x1D, 0x66, 0x73, 0xB9, 0xFB, 0x4C, 0x87, 0x1C, 0x24, 0xC3}));
		ApplyPatch(base, 0x5899D8A, std::to_array<uint8_t>({0x85, 0xC0, 0xF, 0x84, 0x3F, 0x32, 0xB9, 0xFB, 0xE9, 0xF2, 0x12, 0x9F, 0xFA}));
		ApplyPatch(base, 0x58C1101, std::to_array<uint8_t>({0x4C, 0x8D, 0xAD, 0x50, 0xC1, 0x0, 0x0, 0x48, 0x89, 0xE9, 0x48, 0x89, 0xDA, 0xE9, 0x5F, 0xC1, 0xB6, 0xFB}));
		ApplyPatch(base, 0x58D6E94, std::to_array<uint8_t>({0x41, 0x54, 0x4C, 0x8D, 0x25, 0x13, 0x9, 0xBB, 0xFB, 0x4C, 0x87, 0x24, 0x24, 0xC3}));
		ApplyPatch(base, 0x58E8D34, std::to_array<uint8_t>({0x8D, 0x51, 0x1, 0x89, 0x96, 0x28, 0xE6, 0x2, 0x0, 0x48, 0x89, 0x84, 0xCE, 0xD8, 0xE5, 0x2, 0x0, 0xE9, 0xEE, 0xE9, 0xB9, 0xFB}));
		ApplyPatch(base, 0x58F2161, std::to_array<uint8_t>({0x49, 0x8B, 0x17, 0x4C, 0x89, 0xF9, 0x48, 0x85, 0xC0, 0xF, 0x84, 0x54, 0xAB, 0xB3, 0xFB, 0xE9, 0xBB, 0xAA, 0xB3, 0xFB}));
		ApplyPatch(base, 0x58FC64F, std::to_array<uint8_t>({0x48, 0x8B, 0xAF, 0x88, 0x7B, 0x0, 0x0, 0x44, 0x8B, 0xB6, 0x88, 0x0, 0x0, 0x0, 0x44, 0xF, 0xB7, 0x7E, 0xA, 0xF, 0xB6, 0x46, 0x49, 0x48, 0x83, 0xF8, 0x1F, 0xF, 0x87, 0xCA, 0xB, 0xB3, 0xFB, 0xE9, 0x71, 0x5B, 0x45, 0xFC}));
		ApplyPatch(base, 0x5912054, std::to_array<uint8_t>({0x48, 0x89, 0xF1, 0xBA, 0x6, 0x0, 0x0, 0x0, 0x41, 0xB8, 0x0, 0x30, 0x50, 0x10, 0xE9, 0x4D, 0x56, 0xB7, 0xFB}));
		ApplyPatch(base, 0x592F61C, std::to_array<uint8_t>({0x48, 0x8B, 0x44, 0x24, 0x28, 0x48, 0x85, 0xC0, 0xF, 0x84, 0xE, 0x81, 0xB5, 0xFB, 0xE9, 0xA, 0x52, 0x95, 0xFF}));
		ApplyPatch(base, 0x595C9E7, std::to_array<uint8_t>({0x83, 0x3D, 0xA, 0xA0, 0xE0, 0xFE, 0xFF, 0xF, 0x85, 0x11, 0x2, 0xAD, 0xFB, 0xE9, 0x66, 0xDA, 0xE, 0x0}));
		ApplyPatch(base, 0x5960188, std::to_array<uint8_t>({0x41, 0x57, 0x41, 0x56, 0x41, 0x55, 0x41, 0x54, 0x56, 0x57, 0x55, 0x53, 0x48, 0x83, 0xEC, 0x68, 0x4C, 0x89, 0xCF, 0x4D, 0x89, 0xC5, 0x49, 0x89, 0xD7, 0x49, 0x89, 0xCE, 0xC7, 0x44, 0x24, 0x54, 0x0, 0x0, 0x0, 0x0, 0x48, 0x8B, 0x2, 0x4C, 0x8D, 0x44, 0x24, 0x54, 0x48, 0x89, 0xD1, 0x4C, 0x89, 0xEA, 0xE9, 0xA3, 0xC9, 0xAC, 0xFB}));
		ApplyPatch(base, 0x5A1AC71, std::to_array<uint8_t>({0x0, 0xC3, 0x34, 0x1, 0x0, 0xC2, 0xC0, 0xE2, 0x4, 0x8, 0xDA, 0x41, 0x88, 0x94, 0xF, 0x8C, 0x0, 0x0, 0x0, 0x51, 0x48, 0x8D, 0xD, 0x26, 0x20, 0xA1, 0xFB, 0x48, 0x87, 0xC, 0x24, 0xC3}));
		ApplyPatch(base, 0x5A21101, std::to_array<uint8_t>({0x48, 0x89, 0xC1, 0x48, 0xD1, 0xE9, 0x41, 0xF, 0xB6, 0x94, 0xF, 0x8C, 0x0, 0x0, 0x0, 0x89, 0xD3, 0x80, 0xE3, 0xF, 0xC0, 0xEA, 0x4, 0x31, 0xED, 0x80, 0xFB, 0xF, 0x40, 0xF, 0x95, 0xC5, 0x31, 0xFF, 0x80, 0xFA, 0xF, 0x40, 0xF, 0x95, 0xC7, 0x83, 0xE0, 0x1, 0xF, 0x44, 0xEF, 0x40, 0x80, 0xFD, 0x1, 0xF, 0x85, 0x78, 0xBB, 0xA0, 0xFB, 0xE9, 0x32, 0x9B, 0xFF, 0xFF}));
		ApplyPatch(base, 0x5A4A45F, std::to_array<uint8_t>({0x89, 0x1D, 0x8F, 0xC5, 0xD1, 0xFE, 0x48, 0x8D, 0xD, 0x8C, 0xC5, 0xD1, 0xFE, 0xE9, 0xBE, 0x2B, 0x9E, 0xFB}));
		ApplyPatch(base, 0x5A5A350, std::to_array<uint8_t>({0x48, 0x8D, 0xC, 0x49, 0x3, 0x84, 0x8B, 0x10, 0x1, 0x0, 0x0, 0x3B, 0x84, 0x8B, 0x14, 0x1, 0x0, 0x0, 0xF, 0x86, 0x85, 0x2A, 0x9D, 0xFB, 0xE9, 0x88, 0xF4, 0xAF, 0xFA}));
		ApplyPatch(base, 0x5A6732F, std::to_array<uint8_t>({0x8B, 0x86, 0x5C, 0xB5, 0x2, 0x0, 0x48, 0x69, 0xC0, 0xD0, 0x4, 0x0, 0x0, 0x48, 0x8D, 0xC, 0x6, 0x48, 0x81, 0xC1, 0x38, 0xB6, 0x2, 0x0, 0x48, 0x8D, 0x54, 0x24, 0x28, 0xE9, 0xBB, 0x3, 0xA2, 0xFB}));
	}

	static bool CheckForFSL()
	{
		int num_versions = 0;
		for (auto& module : ModuleMgr.GetModules())
			if (module.first == "WINMM.dll"_J)
				num_versions++;

		return num_versions > 1;
	}

	static void TransactionHook(rage::scrNativeCallContext* ctx)
	{
		if (ctx->GetArg<int>(3) == -50712147)
		{
			return ctx->SetReturnValue(FALSE);
		}
		return NativeInvoker::GetNativeHandler(NativeIndex::NET_GAMESERVER_BEGIN_SERVICE)(ctx);
	}

	void AnticheatBypass::RunOnStartupImpl()
	{
		bool loaded_late = false;

		if (!*Pointers.AnticheatInitializedHash)
		{
			*Pointers.AnticheatInitializedHash = new rage::Obf32; // this doesn't get freed so we don't have to use the game allocator
			(*Pointers.AnticheatInitializedHash)->setData(0x124EA49D);
		}
		else
		{
			(*Pointers.AnticheatInitializedHash)->setData(0x124EA49D);
			loaded_late = true;
		}
	}

	void AnticheatBypass::RunScriptImpl()
	{
		NativeHooks::AddHook("shop_controller"_J, NativeIndex::NET_GAMESERVER_BEGIN_SERVICE, &TransactionHook);

		m_IsFSLLoaded = CheckForFSL();
		m_BattlEyeRunning = (NETWORK::_NETWORK_GET_GAME_RESTART_REASON() == 0 && GetModuleHandleA("BEClient_x64.dll")) && !m_IsFSLLoaded;

		const char* mode = "Vanilla";

		if (m_BattlEyeRunning)
			mode = "Legit BattlEye";
		else if (m_IsFSLLoaded)
			mode = "FSL";

		LOGF(VERBOSE, "Anticheat bypass mode: {}", mode);

		if (m_IsFSLLoaded)
		{
			Module* FSL = nullptr;
			for (auto& module : ModuleMgr.GetModules())
				if (module.first == "WINMM.dll"_J && module.second->IsExported("LawnchairGetVersion"))
					FSL = module.second.get();

			if (FSL)
			{
				auto LawnchairGetVersion = FSL->GetExport<FnGetVersion>("LawnchairGetVersion");
				auto LawnchairIsProvidingLocalSaves = FSL->GetExport<FnLocalSaves>("LawnchairIsProvidingLocalSaves");
				auto LawnchairIsProvidingBattlEyeBypass = FSL->GetExport<FnBattlEyeBypass>("LawnchairIsProvidingBattlEyeBypass");

				if (LawnchairGetVersion && LawnchairIsProvidingLocalSaves && LawnchairIsProvidingBattlEyeBypass)
				{
					m_FSLVersion = LawnchairGetVersion();
					m_FSLProvidesLocalSaves = LawnchairIsProvidingLocalSaves();
					m_FSLProvidesBEBypass = LawnchairIsProvidingBattlEyeBypass();

					LOGF(VERBOSE, "FSL Version: {}", m_FSLVersion);
					LOGF(VERBOSE, "FSL Local Saves: {}", m_FSLProvidesLocalSaves ? "Enabled" : "Disabled");
					LOGF(VERBOSE, "FSL BE Bypass: {}", m_FSLProvidesBEBypass ? "Enabled" : "Disabled");
				}
				else
				{
					LOGF(WARNING, "FSL detected but required exports were missing.");
				}
			}
		}
		else
		{
#if !RESTORE_DESTROYED_FUNCTIONS
			LOGF(FATAL, "YimMenu requires FSL to be loaded. Please get it from UnknownCheats.me");
#endif
		}

		if (m_BattlEyeRunning)
			LOGF(WARNING, "If you are not running an actual BattlEye bypass, exit the game immediately and ensure that BE is properly disabled");

		if (!m_FSLProvidesBEBypass && !m_BattlEyeRunning)
		{
			// this is integrity checked now
			//Pointers.BattlEyeStatusUpdatePatch->Apply();

#if RESTORE_DESTROYED_FUNCTIONS
			if (std::strcmp(Pointers.GameVersion, PATCH_GAME_VERSION) == 0)
			{
				uintptr_t base = ModuleMgr.Get("GTA5_Enhanced.exe"_J)->Base();
				PatchEncryptedFunctions(base);
				PatchDestroyedFunctions(base);
			}
			else
			{
				LOGF(FATAL, "Standalone bypass is outdated, game may crash");
			}
#endif
		}

		while (true)
		{
			if (!m_FSLProvidesBEBypass && !m_BattlEyeRunning)
			{
				*Pointers.BERestartStatus = 0;
				*Pointers.NeedsBERestart = false;
				*Pointers.IsBEBanned = false;
			}
			ScriptMgr::Yield();
		}
	}
}